Title,Description,BiocVersion,Genome,SourceType,SourceUrl,SourceVersion,Species,TaxonomyId,Coordinate_1_based,DataProvider,Maintainer,RDataClass,DispatchClass,ResourceName
Genome annotations for Aspergillus aculeatus ATCC 16872,FungiDB 28 annotations for Aspergillus aculeatus ATCC 16872,3.4,LmjF28,GFF,http://FungiDB.org/common/downloads/Current_Release/Aaculeatus_ATCC16872/gff/data/FungiDB-28_Aaculeatus_ATCC16872.gff,28,Aspergillus aculeatus ATCC 16872,690307,TRUE,FungiDB,Keith Hughitt <khughitt@umd.edu>,TxDb,Rda,LmjF_TxDb.rda
Genome annotations for Aphanomyces astaci APO3,FungiDB 28 annotations for Aphanomyces astaci APO3,3.4,LmjF28,GFF,http://FungiDB.org/common/downloads/Current_Release/Aastaci_APO3/gff/data/FungiDB-28_Aastaci_APO3.gff,28,Aphanomyces astaci APO3,NA,TRUE,FungiDB,Keith Hughitt <khughitt@umd.edu>,TxDb,Rda,LmjF_TxDb.rda
Genome annotations for Albugo candida 2VRR,FungiDB 28 annotations for Albugo candida 2VRR,3.4,LmjF28,GFF,http://FungiDB.org/common/downloads/Current_Release/Acandida_2VRR/gff/data/FungiDB-28_Acandida_2VRR.gff,28,Albugo candida 2VRR,911350,TRUE,FungiDB,Keith Hughitt <khughitt@umd.edu>,TxDb,Rda,LmjF_TxDb.rda
Genome annotations for Ajellomyces capsulatus G186AR,FungiDB 28 annotations for Ajellomyces capsulatus G186AR,3.4,LmjF28,GFF,http://FungiDB.org/common/downloads/Current_Release/Acapsulatus_G186AR/gff/data/FungiDB-28_Acapsulatus_G186AR.gff,28,Ajellomyces capsulatus G186AR,447093,TRUE,FungiDB,Keith Hughitt <khughitt@umd.edu>,TxDb,Rda,LmjF_TxDb.rda
Genome annotations for Ajellomyces capsulatus NAm1,FungiDB 28 annotations for Ajellomyces capsulatus NAm1,3.4,LmjF28,GFF,http://FungiDB.org/common/downloads/Current_Release/Acapsulatus_NAm1/gff/data/FungiDB-28_Acapsulatus_NAm1.gff,28,Ajellomyces capsulatus NAm1,339724,TRUE,FungiDB,Keith Hughitt <khughitt@umd.edu>,TxDb,Rda,LmjF_TxDb.rda
Genome annotations for Aspergillus carbonarius ITEM 5010,FungiDB 28 annotations for Aspergillus carbonarius ITEM 5010,3.4,LmjF28,GFF,http://FungiDB.org/common/downloads/Current_Release/Acarbonarius_ITEM5010/gff/data/FungiDB-28_Acarbonarius_ITEM5010.gff,28,Aspergillus carbonarius ITEM 5010,602072,TRUE,FungiDB,Keith Hughitt <khughitt@umd.edu>,TxDb,Rda,LmjF_TxDb.rda
Genome annotations for Aspergillus clavatus NRRL 1,FungiDB 28 annotations for Aspergillus clavatus NRRL 1,3.4,LmjF28,GFF,http://FungiDB.org/common/downloads/Current_Release/Aclavatus_NRRL1/gff/data/FungiDB-28_Aclavatus_NRRL1.gff,28,Aspergillus clavatus NRRL 1,344612,TRUE,FungiDB,Keith Hughitt <khughitt@umd.edu>,TxDb,Rda,LmjF_TxDb.rda
Genome annotations for Aspergillus flavus NRRL3357,FungiDB 28 annotations for Aspergillus flavus NRRL3357,3.4,LmjF28,GFF,http://FungiDB.org/common/downloads/Current_Release/Aflavus_NRRL3357/gff/data/FungiDB-28_Aflavus_NRRL3357.gff,28,Aspergillus flavus NRRL3357,332952,TRUE,FungiDB,Keith Hughitt <khughitt@umd.edu>,TxDb,Rda,LmjF_TxDb.rda
Genome annotations for Aspergillus fumigatus Af293,FungiDB 28 annotations for Aspergillus fumigatus Af293,3.4,LmjF28,GFF,http://FungiDB.org/common/downloads/Current_Release/Afumigatus_Af293/gff/data/FungiDB-28_Afumigatus_Af293.gff,28,Aspergillus fumigatus Af293,330879,TRUE,FungiDB,Keith Hughitt <khughitt@umd.edu>,TxDb,Rda,LmjF_TxDb.rda
Genome annotations for Aphanomyces invadans NJM9701,FungiDB 28 annotations for Aphanomyces invadans NJM9701,3.4,LmjF28,GFF,http://FungiDB.org/common/downloads/Current_Release/Ainvadans_NJM9701/gff/data/FungiDB-28_Ainvadans_NJM9701.gff,28,Aphanomyces invadans NJM9701,NA,TRUE,FungiDB,Keith Hughitt <khughitt@umd.edu>,TxDb,Rda,LmjF_TxDb.rda
Genome annotations for Albugo laibachii Nc14,FungiDB 28 annotations for Albugo laibachii Nc14,3.4,LmjF28,GFF,http://FungiDB.org/common/downloads/Current_Release/Alaibachii_Nc14/gff/data/FungiDB-28_Alaibachii_Nc14.gff,28,Albugo laibachii Nc14,890382,TRUE,FungiDB,Keith Hughitt <khughitt@umd.edu>,TxDb,Rda,LmjF_TxDb.rda
Genome annotations for Allomyces macrogynus ATCC 38327,FungiDB 28 annotations for Allomyces macrogynus ATCC 38327,3.4,LmjF28,GFF,http://FungiDB.org/common/downloads/Current_Release/Amacrogynus_ATCC38327/gff/data/FungiDB-28_Amacrogynus_ATCC38327.gff,28,Allomyces macrogynus ATCC 38327,578462,TRUE,FungiDB,Keith Hughitt <khughitt@umd.edu>,TxDb,Rda,LmjF_TxDb.rda
Genome annotations for Aspergillus nidulans FGSC A4,FungiDB 28 annotations for Aspergillus nidulans FGSC A4,3.4,LmjF28,GFF,http://FungiDB.org/common/downloads/Current_Release/Anidulans_FGSCA4/gff/data/FungiDB-28_Anidulans_FGSCA4.gff,28,Aspergillus nidulans FGSC A4,227321,TRUE,FungiDB,Keith Hughitt <khughitt@umd.edu>,TxDb,Rda,LmjF_TxDb.rda
Genome annotations for Aspergillus niger ATCC 1015,FungiDB 28 annotations for Aspergillus niger ATCC 1015,3.4,LmjF28,GFF,http://FungiDB.org/common/downloads/Current_Release/Aniger_ATCC1015/gff/data/FungiDB-28_Aniger_ATCC1015.gff,28,Aspergillus niger ATCC 1015,380704,TRUE,FungiDB,Keith Hughitt <khughitt@umd.edu>,TxDb,Rda,LmjF_TxDb.rda
Genome annotations for Aspergillus niger CBS 513.88,FungiDB 28 annotations for Aspergillus niger CBS 513.88,3.4,LmjF28,GFF,http://FungiDB.org/common/downloads/Current_Release/Aniger_CBS513-88/gff/data/FungiDB-28_Aniger_CBS513-88.gff,28,Aspergillus niger CBS 513.88,425011,TRUE,FungiDB,Keith Hughitt <khughitt@umd.edu>,TxDb,Rda,LmjF_TxDb.rda
Genome annotations for Aspergillus oryzae RIB40,FungiDB 28 annotations for Aspergillus oryzae RIB40,3.4,LmjF28,GFF,http://FungiDB.org/common/downloads/Current_Release/AoryzaeRIB40/gff/data/FungiDB-28_AoryzaeRIB40.gff,28,Aspergillus oryzae RIB40,510516,TRUE,FungiDB,Keith Hughitt <khughitt@umd.edu>,TxDb,Rda,LmjF_TxDb.rda
Genome annotations for Aspergillus terreus NIH2624,FungiDB 28 annotations for Aspergillus terreus NIH2624,3.4,LmjF28,GFF,http://FungiDB.org/common/downloads/Current_Release/Aterreus_NIH2624/gff/data/FungiDB-28_Aterreus_NIH2624.gff,28,Aspergillus terreus NIH2624,341663,TRUE,FungiDB,Keith Hughitt <khughitt@umd.edu>,TxDb,Rda,LmjF_TxDb.rda
Genome annotations for Batrachochytrium dendrobatidis JEL423,FungiDB 28 annotations for Batrachochytrium dendrobatidis JEL423,3.4,LmjF28,GFF,http://FungiDB.org/common/downloads/Current_Release/Bdendrobatidis_JEL423/gff/data/FungiDB-28_Bdendrobatidis_JEL423.gff,28,Batrachochytrium dendrobatidis JEL423,403673,TRUE,FungiDB,Keith Hughitt <khughitt@umd.edu>,TxDb,Rda,LmjF_TxDb.rda
Genome annotations for Botryotinia fuckeliana B05.10,FungiDB 28 annotations for Botryotinia fuckeliana B05.10,3.4,LmjF28,GFF,http://FungiDB.org/common/downloads/Current_Release/Bfuckeliana_B05-10/gff/data/FungiDB-28_Bfuckeliana_B05-10.gff,28,Botryotinia fuckeliana B05.10,332648,TRUE,FungiDB,Keith Hughitt <khughitt@umd.edu>,TxDb,Rda,LmjF_TxDb.rda
Genome annotations for Candida albicans SC5314,FungiDB 28 annotations for Candida albicans SC5314,3.4,LmjF28,GFF,http://FungiDB.org/common/downloads/Current_Release/Calbicans_SC5314/gff/data/FungiDB-28_Calbicans_SC5314.gff,28,Candida albicans SC5314,237561,TRUE,FungiDB,Keith Hughitt <khughitt@umd.edu>,TxDb,Rda,LmjF_TxDb.rda
Genome annotations for Coprinopsis cinerea okayama7#130,FungiDB 28 annotations for Coprinopsis cinerea okayama7#130,3.4,LmjF28,GFF,http://FungiDB.org/common/downloads/Current_Release/Ccinerea_okay7-130/gff/data/FungiDB-28_Ccinerea_okay7-130.gff,28,Coprinopsis cinerea okayama7#130,240176,TRUE,FungiDB,Keith Hughitt <khughitt@umd.edu>,TxDb,Rda,LmjF_TxDb.rda
Genome annotations for Cryptococcus gattii R265,FungiDB 28 annotations for Cryptococcus gattii R265,3.4,LmjF28,GFF,http://FungiDB.org/common/downloads/Current_Release/Cgattii_R265/gff/data/FungiDB-28_Cgattii_R265.gff,28,Cryptococcus gattii R265,294750,TRUE,FungiDB,Keith Hughitt <khughitt@umd.edu>,TxDb,Rda,LmjF_TxDb.rda
Genome annotations for Cryptococcus gattii WM276,FungiDB 28 annotations for Cryptococcus gattii WM276,3.4,LmjF28,GFF,http://FungiDB.org/common/downloads/Current_Release/Cgattii_WM276/gff/data/FungiDB-28_Cgattii_WM276.gff,28,Cryptococcus gattii WM276,367775,TRUE,FungiDB,Keith Hughitt <khughitt@umd.edu>,TxDb,Rda,LmjF_TxDb.rda
Genome annotations for Candida glabrata CBS 138,FungiDB 28 annotations for Candida glabrata CBS 138,3.4,LmjF28,GFF,http://FungiDB.org/common/downloads/Current_Release/Cglabrata_CBS138/gff/data/FungiDB-28_Cglabrata_CBS138.gff,28,Candida glabrata CBS 138,284593,TRUE,FungiDB,Keith Hughitt <khughitt@umd.edu>,TxDb,Rda,LmjF_TxDb.rda
Genome annotations for Coccidioides immitis H538.4,FungiDB 28 annotations for Coccidioides immitis H538.4,3.4,LmjF28,GFF,http://FungiDB.org/common/downloads/Current_Release/Cimmitis_H538-4/gff/data/FungiDB-28_Cimmitis_H538-4.gff,28,Coccidioides immitis H538.4,396776,TRUE,FungiDB,Keith Hughitt <khughitt@umd.edu>,TxDb,Rda,LmjF_TxDb.rda
Genome annotations for Coccidioides immitis RMSCC 2394,FungiDB 28 annotations for Coccidioides immitis RMSCC 2394,3.4,LmjF28,GFF,http://FungiDB.org/common/downloads/Current_Release/CimmitisRMSCC2394/gff/data/FungiDB-28_CimmitisRMSCC2394.gff,28,Coccidioides immitis RMSCC 2394,404692,TRUE,FungiDB,Keith Hughitt <khughitt@umd.edu>,TxDb,Rda,LmjF_TxDb.rda
Genome annotations for Coccidioides immitis RMSCC 3703,FungiDB 28 annotations for Coccidioides immitis RMSCC 3703,3.4,LmjF28,GFF,http://FungiDB.org/common/downloads/Current_Release/CimmitisRMSCC3703/gff/data/FungiDB-28_CimmitisRMSCC3703.gff,28,Coccidioides immitis RMSCC 3703,454286,TRUE,FungiDB,Keith Hughitt <khughitt@umd.edu>,TxDb,Rda,LmjF_TxDb.rda
Genome annotations for Coccidioides immitis RS,FungiDB 28 annotations for Coccidioides immitis RS,3.4,LmjF28,GFF,http://FungiDB.org/common/downloads/Current_Release/Cimmitis_RS/gff/data/FungiDB-28_Cimmitis_RS.gff,28,Coccidioides immitis RS,246410,TRUE,FungiDB,Keith Hughitt <khughitt@umd.edu>,TxDb,Rda,LmjF_TxDb.rda
Genome annotations for Cryptococcus neoformans var. neoformans B-3501A,FungiDB 28 annotations for Cryptococcus neoformans var. neoformans B-3501A,3.4,LmjF28,GFF,http://FungiDB.org/common/downloads/Current_Release/Cneoformans_B-3501A/gff/data/FungiDB-28_Cneoformans_B-3501A.gff,28,Cryptococcus neoformans var. neoformans B-3501A,283643,TRUE,FungiDB,Keith Hughitt <khughitt@umd.edu>,TxDb,Rda,LmjF_TxDb.rda
Genome annotations for Cryptococcus neoformans var. grubii H99,FungiDB 28 annotations for Cryptococcus neoformans var. grubii H99,3.4,LmjF28,GFF,http://FungiDB.org/common/downloads/Current_Release/Cneoformans_H99/gff/data/FungiDB-28_Cneoformans_H99.gff,28,Cryptococcus neoformans var. grubii H99,235443,TRUE,FungiDB,Keith Hughitt <khughitt@umd.edu>,TxDb,Rda,LmjF_TxDb.rda
Genome annotations for Cryptococcus neoformans var. neoformans JEC21,FungiDB 28 annotations for Cryptococcus neoformans var. neoformans JEC21,3.4,LmjF28,GFF,http://FungiDB.org/common/downloads/Current_Release/Cneoformans_JEC21/gff/data/FungiDB-28_Cneoformans_JEC21.gff,28,Cryptococcus neoformans var. neoformans JEC21,214684,TRUE,FungiDB,Keith Hughitt <khughitt@umd.edu>,TxDb,Rda,LmjF_TxDb.rda
Genome annotations for Coccidioides posadasii C735 delta SOWgp,FungiDB 28 annotations for Coccidioides posadasii C735 delta SOWgp,3.4,LmjF28,GFF,http://FungiDB.org/common/downloads/Current_Release/Cposadasii_C735deltSOWgp/gff/data/FungiDB-28_Cposadasii_C735deltSOWgp.gff,28,Coccidioides posadasii C735 delta SOWgp,222929,TRUE,FungiDB,Keith Hughitt <khughitt@umd.edu>,TxDb,Rda,LmjF_TxDb.rda
Genome annotations for Coccidioides posadasii CPA 0001,FungiDB 28 annotations for Coccidioides posadasii CPA 0001,3.4,LmjF28,GFF,http://FungiDB.org/common/downloads/Current_Release/CposadasiiCPA0001/gff/data/FungiDB-28_CposadasiiCPA0001.gff,28,Coccidioides posadasii CPA 0001,469472,TRUE,FungiDB,Keith Hughitt <khughitt@umd.edu>,TxDb,Rda,LmjF_TxDb.rda
Genome annotations for Coccidioides posadasii CPA 0020,FungiDB 28 annotations for Coccidioides posadasii CPA 0020,3.4,LmjF28,GFF,http://FungiDB.org/common/downloads/Current_Release/CposadasiiCPA0020/gff/data/FungiDB-28_CposadasiiCPA0020.gff,28,Coccidioides posadasii CPA 0020,490068,TRUE,FungiDB,Keith Hughitt <khughitt@umd.edu>,TxDb,Rda,LmjF_TxDb.rda
Genome annotations for Coccidioides posadasii CPA 0066,FungiDB 28 annotations for Coccidioides posadasii CPA 0066,3.4,LmjF28,GFF,http://FungiDB.org/common/downloads/Current_Release/CposadasiiCPA0066/gff/data/FungiDB-28_CposadasiiCPA0066.gff,28,Coccidioides posadasii CPA 0066,490069,TRUE,FungiDB,Keith Hughitt <khughitt@umd.edu>,TxDb,Rda,LmjF_TxDb.rda
Genome annotations for Coccidioides posadasii RMSCC 1037,FungiDB 28 annotations for Coccidioides posadasii RMSCC 1037,3.4,LmjF28,GFF,http://FungiDB.org/common/downloads/Current_Release/CposadasiiRMSCC1037/gff/data/FungiDB-28_CposadasiiRMSCC1037.gff,28,Coccidioides posadasii RMSCC 1037,490065,TRUE,FungiDB,Keith Hughitt <khughitt@umd.edu>,TxDb,Rda,LmjF_TxDb.rda
Genome annotations for Coccidioides posadasii RMSCC 1038,FungiDB 28 annotations for Coccidioides posadasii RMSCC 1038,3.4,LmjF28,GFF,http://FungiDB.org/common/downloads/Current_Release/CposadasiiRMSCC1038/gff/data/FungiDB-28_CposadasiiRMSCC1038.gff,28,Coccidioides posadasii RMSCC 1038,490066,TRUE,FungiDB,Keith Hughitt <khughitt@umd.edu>,TxDb,Rda,LmjF_TxDb.rda
Genome annotations for Coccidioides posadasii RMSCC 2133,FungiDB 28 annotations for Coccidioides posadasii RMSCC 2133,3.4,LmjF28,GFF,http://FungiDB.org/common/downloads/Current_Release/CposadasiiRMSCC2133/gff/data/FungiDB-28_CposadasiiRMSCC2133.gff,28,Coccidioides posadasii RMSCC 2133,469470,TRUE,FungiDB,Keith Hughitt <khughitt@umd.edu>,TxDb,Rda,LmjF_TxDb.rda
Genome annotations for Coccidioides posadasii RMSCC 3488,FungiDB 28 annotations for Coccidioides posadasii RMSCC 3488,3.4,LmjF28,GFF,http://FungiDB.org/common/downloads/Current_Release/CposadasiiRMSCC3488/gff/data/FungiDB-28_CposadasiiRMSCC3488.gff,28,Coccidioides posadasii RMSCC 3488,454284,TRUE,FungiDB,Keith Hughitt <khughitt@umd.edu>,TxDb,Rda,LmjF_TxDb.rda
Genome annotations for Coccidioides posadasii RMSCC 3700,FungiDB 28 annotations for Coccidioides posadasii RMSCC 3700,3.4,LmjF28,GFF,http://FungiDB.org/common/downloads/Current_Release/CposadasiiRMSCC3700/gff/data/FungiDB-28_CposadasiiRMSCC3700.gff,28,Coccidioides posadasii RMSCC 3700,469471,TRUE,FungiDB,Keith Hughitt <khughitt@umd.edu>,TxDb,Rda,LmjF_TxDb.rda
Genome annotations for Coccidioides posadasii str. Silveira,FungiDB 28 annotations for Coccidioides posadasii str. Silveira,3.4,LmjF28,GFF,http://FungiDB.org/common/downloads/Current_Release/CposadasiiSilveira/gff/data/FungiDB-28_CposadasiiSilveira.gff,28,Coccidioides posadasii str. Silveira,443226,TRUE,FungiDB,Keith Hughitt <khughitt@umd.edu>,TxDb,Rda,LmjF_TxDb.rda
Genome annotations for Fusarium graminearum PH-1,FungiDB 28 annotations for Fusarium graminearum PH-1,3.4,LmjF28,GFF,http://FungiDB.org/common/downloads/Current_Release/Fgraminearum_PH-1/gff/data/FungiDB-28_Fgraminearum_PH-1.gff,28,Fusarium graminearum PH-1,229533,TRUE,FungiDB,Keith Hughitt <khughitt@umd.edu>,TxDb,Rda,LmjF_TxDb.rda
Genome annotations for Fusarium oxysporum f. sp. lycopersici 4287,FungiDB 28 annotations for Fusarium oxysporum f. sp. lycopersici 4287,3.4,LmjF28,GFF,http://FungiDB.org/common/downloads/Current_Release/Foxysporum_4287/gff/data/FungiDB-28_Foxysporum_4287.gff,28,Fusarium oxysporum f. sp. lycopersici 4287,426428,TRUE,FungiDB,Keith Hughitt <khughitt@umd.edu>,TxDb,Rda,LmjF_TxDb.rda
Genome annotations for Fusarium verticillioides 7600,FungiDB 28 annotations for Fusarium verticillioides 7600,3.4,LmjF28,GFF,http://FungiDB.org/common/downloads/Current_Release/Fverticillioides_7600/gff/data/FungiDB-28_Fverticillioides_7600.gff,28,Fusarium verticillioides 7600,334819,TRUE,FungiDB,Keith Hughitt <khughitt@umd.edu>,TxDb,Rda,LmjF_TxDb.rda
Genome annotations for Hyaloperonospora arabidopsidis Emoy2,FungiDB 28 annotations for Hyaloperonospora arabidopsidis Emoy2,3.4,LmjF28,GFF,http://FungiDB.org/common/downloads/Current_Release/Harabidopsidis_Emoy2/gff/data/FungiDB-28_Harabidopsidis_Emoy2.gff,28,Hyaloperonospora arabidopsidis Emoy2,559515,TRUE,FungiDB,Keith Hughitt <khughitt@umd.edu>,TxDb,Rda,LmjF_TxDb.rda
Genome annotations for Mucor circinelloides f. lusitanicus CBS 277.49,FungiDB 28 annotations for Mucor circinelloides f. lusitanicus CBS 277.49,3.4,LmjF28,GFF,http://FungiDB.org/common/downloads/Current_Release/Mcircinelloides_CBS277-49/gff/data/FungiDB-28_Mcircinelloides_CBS277-49.gff,28,Mucor circinelloides f. lusitanicus CBS 277.49,747725,TRUE,FungiDB,Keith Hughitt <khughitt@umd.edu>,TxDb,Rda,LmjF_TxDb.rda
Genome annotations for Malassezia globosa CBS 7966,FungiDB 28 annotations for Malassezia globosa CBS 7966,3.4,LmjF28,GFF,http://FungiDB.org/common/downloads/Current_Release/Mglobosa_CBS7966/gff/data/FungiDB-28_Mglobosa_CBS7966.gff,28,Malassezia globosa CBS 7966,425265,TRUE,FungiDB,Keith Hughitt <khughitt@umd.edu>,TxDb,Rda,LmjF_TxDb.rda
Genome annotations for Melampsora larici-populina 98AG31,FungiDB 28 annotations for Melampsora larici-populina 98AG31,3.4,LmjF28,GFF,http://FungiDB.org/common/downloads/Current_Release/Mlarici-populina_98AG31/gff/data/FungiDB-28_Mlarici-populina_98AG31.gff,28,Melampsora larici-populina 98AG31,747676,TRUE,FungiDB,Keith Hughitt <khughitt@umd.edu>,TxDb,Rda,LmjF_TxDb.rda
Genome annotations for Magnaporthe oryzae 70-15,FungiDB 28 annotations for Magnaporthe oryzae 70-15,3.4,LmjF28,GFF,http://FungiDB.org/common/downloads/Current_Release/Moryzae_70-15/gff/data/FungiDB-28_Moryzae_70-15.gff,28,Magnaporthe oryzae 70-15,242507,TRUE,FungiDB,Keith Hughitt <khughitt@umd.edu>,TxDb,Rda,LmjF_TxDb.rda
Genome annotations for Neurospora crassa OR74A,FungiDB 28 annotations for Neurospora crassa OR74A,3.4,LmjF28,GFF,http://FungiDB.org/common/downloads/Current_Release/Ncrassa_OR74A/gff/data/FungiDB-28_Ncrassa_OR74A.gff,28,Neurospora crassa OR74A,367110,TRUE,FungiDB,Keith Hughitt <khughitt@umd.edu>,TxDb,Rda,LmjF_TxDb.rda
Genome annotations for Neurospora discreta FGSC 8579,FungiDB 28 annotations for Neurospora discreta FGSC 8579,3.4,LmjF28,GFF,http://FungiDB.org/common/downloads/Current_Release/Ndiscreta_FGSC8579/gff/data/FungiDB-28_Ndiscreta_FGSC8579.gff,28,Neurospora discreta FGSC 8579,510953,TRUE,FungiDB,Keith Hughitt <khughitt@umd.edu>,TxDb,Rda,LmjF_TxDb.rda
Genome annotations for Neosartorya fischeri NRRL 181,FungiDB 28 annotations for Neosartorya fischeri NRRL 181,3.4,LmjF28,GFF,http://FungiDB.org/common/downloads/Current_Release/Nfischeri_NRRL181/gff/data/FungiDB-28_Nfischeri_NRRL181.gff,28,Neosartorya fischeri NRRL 181,331117,TRUE,FungiDB,Keith Hughitt <khughitt@umd.edu>,TxDb,Rda,LmjF_TxDb.rda
Genome annotations for Neurospora tetrasperma FGSC 2508,FungiDB 28 annotations for Neurospora tetrasperma FGSC 2508,3.4,LmjF28,GFF,http://FungiDB.org/common/downloads/Current_Release/Ntetrasperma_FGSC2508/gff/data/FungiDB-28_Ntetrasperma_FGSC2508.gff,28,Neurospora tetrasperma FGSC 2508,510951,TRUE,FungiDB,Keith Hughitt <khughitt@umd.edu>,TxDb,Rda,LmjF_TxDb.rda
Genome annotations for Pythium aphanidermatum DAOM BR444,FungiDB 28 annotations for Pythium aphanidermatum DAOM BR444,3.4,LmjF28,GFF,http://FungiDB.org/common/downloads/Current_Release/Paphanidermatum_DAOMBR444/gff/data/FungiDB-28_Paphanidermatum_DAOMBR444.gff,28,Pythium aphanidermatum DAOM BR444,1223555,TRUE,FungiDB,Keith Hughitt <khughitt@umd.edu>,TxDb,Rda,LmjF_TxDb.rda
Genome annotations for Pythium arrhenomanes ATCC 12531,FungiDB 28 annotations for Pythium arrhenomanes ATCC 12531,3.4,LmjF28,GFF,http://FungiDB.org/common/downloads/Current_Release/Parrhenomanes_ATCC12531/gff/data/FungiDB-28_Parrhenomanes_ATCC12531.gff,28,Pythium arrhenomanes ATCC 12531,1223556,TRUE,FungiDB,Keith Hughitt <khughitt@umd.edu>,TxDb,Rda,LmjF_TxDb.rda
Genome annotations for Phycomyces blakesleeanus NRRL 1555(-),FungiDB 28 annotations for Phycomyces blakesleeanus NRRL 1555(-),3.4,LmjF28,GFF,http://FungiDB.org/common/downloads/Current_Release/Pblakesleeanus_NRRL1555-/gff/data/FungiDB-28_Pblakesleeanus_NRRL1555-.gff,28,Phycomyces blakesleeanus NRRL 1555(-),763407,TRUE,FungiDB,Keith Hughitt <khughitt@umd.edu>,TxDb,Rda,LmjF_TxDb.rda
Genome annotations for Phytophthora capsici LT1534,FungiDB 28 annotations for Phytophthora capsici LT1534,3.4,LmjF28,GFF,http://FungiDB.org/common/downloads/Current_Release/Pcapsici_LT1534/gff/data/FungiDB-28_Pcapsici_LT1534.gff,28,Phytophthora capsici LT1534,763924,TRUE,FungiDB,Keith Hughitt <khughitt@umd.edu>,TxDb,Rda,LmjF_TxDb.rda
Genome annotations for Phanerochaete chrysosporium RP-78,FungiDB 28 annotations for Phanerochaete chrysosporium RP-78,3.4,LmjF28,GFF,http://FungiDB.org/common/downloads/Current_Release/Pchrysosporium_RP-78/gff/data/FungiDB-28_Pchrysosporium_RP-78.gff,28,Phanerochaete chrysosporium RP-78,273507,TRUE,FungiDB,Keith Hughitt <khughitt@umd.edu>,TxDb,Rda,LmjF_TxDb.rda
Genome annotations for Phytophthora cinnamomi var. cinnamomi,FungiDB 28 annotations for Phytophthora cinnamomi var. cinnamomi,3.4,LmjF28,GFF,http://FungiDB.org/common/downloads/Current_Release/Pcinnamomi_CBS144-22/gff/data/FungiDB-28_Pcinnamomi_CBS144-22.gff,28,Phytophthora cinnamomi var. cinnamomi,622258,TRUE,FungiDB,Keith Hughitt <khughitt@umd.edu>,TxDb,Rda,LmjF_TxDb.rda
Genome annotations for Puccinia graminis f. sp. tritici CRL 75-36-700-3,FungiDB 28 annotations for Puccinia graminis f. sp. tritici CRL 75-36-700-3,3.4,LmjF28,GFF,http://FungiDB.org/common/downloads/Current_Release/Pgraminis_CRL75-36-700-3/gff/data/FungiDB-28_Pgraminis_CRL75-36-700-3.gff,28,Puccinia graminis f. sp. tritici CRL 75-36-700-3,418459,TRUE,FungiDB,Keith Hughitt <khughitt@umd.edu>,TxDb,Rda,LmjF_TxDb.rda
Genome annotations for Phytophthora infestans T30-4,FungiDB 28 annotations for Phytophthora infestans T30-4,3.4,LmjF28,GFF,http://FungiDB.org/common/downloads/Current_Release/Pinfestans_T30-4/gff/data/FungiDB-28_Pinfestans_T30-4.gff,28,Phytophthora infestans T30-4,403677,TRUE,FungiDB,Keith Hughitt <khughitt@umd.edu>,TxDb,Rda,LmjF_TxDb.rda
Genome annotations for Pythium irregulare DAOM BR486,FungiDB 28 annotations for Pythium irregulare DAOM BR486,3.4,LmjF28,GFF,http://FungiDB.org/common/downloads/Current_Release/Pirregulare_DAOMBR486/gff/data/FungiDB-28_Pirregulare_DAOMBR486.gff,28,Pythium irregulare DAOM BR486,1223557,TRUE,FungiDB,Keith Hughitt <khughitt@umd.edu>,TxDb,Rda,LmjF_TxDb.rda
Genome annotations for Pythium iwayamai DAOM BR242034,FungiDB 28 annotations for Pythium iwayamai DAOM BR242034,3.4,LmjF28,GFF,http://FungiDB.org/common/downloads/Current_Release/Piwayamai_DAOMBR242034/gff/data/FungiDB-28_Piwayamai_DAOMBR242034.gff,28,Pythium iwayamai DAOM BR242034,1223558,TRUE,FungiDB,Keith Hughitt <khughitt@umd.edu>,TxDb,Rda,LmjF_TxDb.rda
Genome annotations for Pneumocystis jirovecii SE8,FungiDB 28 annotations for Pneumocystis jirovecii SE8,3.4,LmjF28,GFF,http://FungiDB.org/common/downloads/Current_Release/Pjirovecii_SE8/gff/data/FungiDB-28_Pjirovecii_SE8.gff,28,Pneumocystis jirovecii SE8,1209962,TRUE,FungiDB,Keith Hughitt <khughitt@umd.edu>,TxDb,Rda,LmjF_TxDb.rda
Genome annotations for Phytophthora parasitica INRA-310,FungiDB 28 annotations for Phytophthora parasitica INRA-310,3.4,LmjF28,GFF,http://FungiDB.org/common/downloads/Current_Release/Pparasitica_INRA-310/gff/data/FungiDB-28_Pparasitica_INRA-310.gff,28,Phytophthora parasitica INRA-310,761204,TRUE,FungiDB,Keith Hughitt <khughitt@umd.edu>,TxDb,Rda,LmjF_TxDb.rda
Genome annotations for Phytophthora ramorum,FungiDB 28 annotations for Phytophthora ramorum,3.4,LmjF28,GFF,http://FungiDB.org/common/downloads/Current_Release/Pramorum_Pr-102/gff/data/FungiDB-28_Pramorum_Pr-102.gff,28,Phytophthora ramorum,164328,TRUE,FungiDB,Keith Hughitt <khughitt@umd.edu>,TxDb,Rda,LmjF_TxDb.rda
Genome annotations for Phytophthora sojae,FungiDB 28 annotations for Phytophthora sojae,3.4,LmjF28,GFF,http://FungiDB.org/common/downloads/Current_Release/Psojae_P6497/gff/data/FungiDB-28_Psojae_P6497.gff,28,Phytophthora sojae,67593,TRUE,FungiDB,Keith Hughitt <khughitt@umd.edu>,TxDb,Rda,LmjF_TxDb.rda
Genome annotations for Pythium ultimum var. sporangiiferum BR650,FungiDB 28 annotations for Pythium ultimum var. sporangiiferum BR650,3.4,LmjF28,GFF,http://FungiDB.org/common/downloads/Current_Release/Pultimum_BR650/gff/data/FungiDB-28_Pultimum_BR650.gff,28,Pythium ultimum var. sporangiiferum BR650,1223559,TRUE,FungiDB,Keith Hughitt <khughitt@umd.edu>,TxDb,Rda,LmjF_TxDb.rda
Genome annotations for Pythium ultimum DAOM BR144,FungiDB 28 annotations for Pythium ultimum DAOM BR144,3.4,LmjF28,GFF,http://FungiDB.org/common/downloads/Current_Release/Pultimum_DAOMBR144/gff/data/FungiDB-28_Pultimum_DAOMBR144.gff,28,Pythium ultimum DAOM BR144,431595,TRUE,FungiDB,Keith Hughitt <khughitt@umd.edu>,TxDb,Rda,LmjF_TxDb.rda
Genome annotations for Pythium vexans DAOM BR484,FungiDB 28 annotations for Pythium vexans DAOM BR484,3.4,LmjF28,GFF,http://FungiDB.org/common/downloads/Current_Release/Pvexans_DAOMBR484/gff/data/FungiDB-28_Pvexans_DAOMBR484.gff,28,Pythium vexans DAOM BR484,1223560,TRUE,FungiDB,Keith Hughitt <khughitt@umd.edu>,TxDb,Rda,LmjF_TxDb.rda
Genome annotations for Rhizopus delemar RA 99-880,FungiDB 28 annotations for Rhizopus delemar RA 99-880,3.4,LmjF28,GFF,http://FungiDB.org/common/downloads/Current_Release/Rdelemar_RA99-880/gff/data/FungiDB-28_Rdelemar_RA99-880.gff,28,Rhizopus delemar RA 99-880,246409,TRUE,FungiDB,Keith Hughitt <khughitt@umd.edu>,TxDb,Rda,LmjF_TxDb.rda
Genome annotations for Saccharomyces cerevisiae S288c,FungiDB 28 annotations for Saccharomyces cerevisiae S288c,3.4,LmjF28,GFF,http://FungiDB.org/common/downloads/Current_Release/Scerevisiae_S288c/gff/data/FungiDB-28_Scerevisiae_S288c.gff,28,Saccharomyces cerevisiae S288c,559292,TRUE,FungiDB,Keith Hughitt <khughitt@umd.edu>,TxDb,Rda,LmjF_TxDb.rda
Genome annotations for Saprolegnia diclina VS20,FungiDB 28 annotations for Saprolegnia diclina VS20,3.4,LmjF28,GFF,http://FungiDB.org/common/downloads/Current_Release/Sdiclina_VS20/gff/data/FungiDB-28_Sdiclina_VS20.gff,28,Saprolegnia diclina VS20,1156394,TRUE,FungiDB,Keith Hughitt <khughitt@umd.edu>,TxDb,Rda,LmjF_TxDb.rda
Genome annotations for Schizosaccharomyces japonicus yFS275,FungiDB 28 annotations for Schizosaccharomyces japonicus yFS275,3.4,LmjF28,GFF,http://FungiDB.org/common/downloads/Current_Release/Sjaponicus_yFS275/gff/data/FungiDB-28_Sjaponicus_yFS275.gff,28,Schizosaccharomyces japonicus yFS275,402676,TRUE,FungiDB,Keith Hughitt <khughitt@umd.edu>,TxDb,Rda,LmjF_TxDb.rda
Genome annotations for Sordaria macrospora k-hell,FungiDB 28 annotations for Sordaria macrospora k-hell,3.4,LmjF28,GFF,http://FungiDB.org/common/downloads/Current_Release/Smacrospora_k-hell/gff/data/FungiDB-28_Smacrospora_k-hell.gff,28,Sordaria macrospora k-hell,771870,TRUE,FungiDB,Keith Hughitt <khughitt@umd.edu>,TxDb,Rda,LmjF_TxDb.rda
Genome annotations for Schizosaccharomyces octosporus yFS286,FungiDB 28 annotations for Schizosaccharomyces octosporus yFS286,3.4,LmjF28,GFF,http://FungiDB.org/common/downloads/Current_Release/Soctosporus_yFS286/gff/data/FungiDB-28_Soctosporus_yFS286.gff,28,Schizosaccharomyces octosporus yFS286,483514,TRUE,FungiDB,Keith Hughitt <khughitt@umd.edu>,TxDb,Rda,LmjF_TxDb.rda
Genome annotations for Saprolegnia parasitica CBS 223.65,FungiDB 28 annotations for Saprolegnia parasitica CBS 223.65,3.4,LmjF28,GFF,http://FungiDB.org/common/downloads/Current_Release/Sparasitica_CBS223-65/gff/data/FungiDB-28_Sparasitica_CBS223-65.gff,28,Saprolegnia parasitica CBS 223.65,695850,TRUE,FungiDB,Keith Hughitt <khughitt@umd.edu>,TxDb,Rda,LmjF_TxDb.rda
Genome annotations for Schizosaccharomyces pombe 972h-,FungiDB 28 annotations for Schizosaccharomyces pombe 972h-,3.4,LmjF28,GFF,http://FungiDB.org/common/downloads/Current_Release/Spombe_972h-/gff/data/FungiDB-28_Spombe_972h-.gff,28,Schizosaccharomyces pombe 972h-,284812,TRUE,FungiDB,Keith Hughitt <khughitt@umd.edu>,TxDb,Rda,LmjF_TxDb.rda
Genome annotations for Spizellomyces punctatus DAOM BR117,FungiDB 28 annotations for Spizellomyces punctatus DAOM BR117,3.4,LmjF28,GFF,http://FungiDB.org/common/downloads/Current_Release/Spunctatus_DAOMBR117/gff/data/FungiDB-28_Spunctatus_DAOMBR117.gff,28,Spizellomyces punctatus DAOM BR117,645134,TRUE,FungiDB,Keith Hughitt <khughitt@umd.edu>,TxDb,Rda,LmjF_TxDb.rda
Genome annotations for Sporisorium reilianum SRZ2,FungiDB 28 annotations for Sporisorium reilianum SRZ2,3.4,LmjF28,GFF,http://FungiDB.org/common/downloads/Current_Release/Sreilianum_SRZ2/gff/data/FungiDB-28_Sreilianum_SRZ2.gff,28,Sporisorium reilianum SRZ2,999809,TRUE,FungiDB,Keith Hughitt <khughitt@umd.edu>,TxDb,Rda,LmjF_TxDb.rda
Genome annotations for Sclerotinia sclerotiorum 1980 UF-70,FungiDB 28 annotations for Sclerotinia sclerotiorum 1980 UF-70,3.4,LmjF28,GFF,http://FungiDB.org/common/downloads/Current_Release/Ssclerotiorum_1980UF-70/gff/data/FungiDB-28_Ssclerotiorum_1980UF-70.gff,28,Sclerotinia sclerotiorum 1980 UF-70,665079,TRUE,FungiDB,Keith Hughitt <khughitt@umd.edu>,TxDb,Rda,LmjF_TxDb.rda
Genome annotations for Talaromyces marneffei ATCC 18224,FungiDB 28 annotations for Talaromyces marneffei ATCC 18224,3.4,LmjF28,GFF,http://FungiDB.org/common/downloads/Current_Release/Tmarneffei_ATCC18224/gff/data/FungiDB-28_Tmarneffei_ATCC18224.gff,28,Talaromyces marneffei ATCC 18224,441960,TRUE,FungiDB,Keith Hughitt <khughitt@umd.edu>,TxDb,Rda,LmjF_TxDb.rda
Genome annotations for Tremella mesenterica DSM 1558,FungiDB 28 annotations for Tremella mesenterica DSM 1558,3.4,LmjF28,GFF,http://FungiDB.org/common/downloads/Current_Release/Tmesenterica_DSM1558/gff/data/FungiDB-28_Tmesenterica_DSM1558.gff,28,Tremella mesenterica DSM 1558,578456,TRUE,FungiDB,Keith Hughitt <khughitt@umd.edu>,TxDb,Rda,LmjF_TxDb.rda
Genome annotations for Trichoderma reesei QM6a,FungiDB 28 annotations for Trichoderma reesei QM6a,3.4,LmjF28,GFF,http://FungiDB.org/common/downloads/Current_Release/Treesei_QM6a/gff/data/FungiDB-28_Treesei_QM6a.gff,28,Trichoderma reesei QM6a,431241,TRUE,FungiDB,Keith Hughitt <khughitt@umd.edu>,TxDb,Rda,LmjF_TxDb.rda
Genome annotations for Talaromyces stipitatus ATCC 10500,FungiDB 28 annotations for Talaromyces stipitatus ATCC 10500,3.4,LmjF28,GFF,http://FungiDB.org/common/downloads/Current_Release/Tstipitatus_ATCC10500/gff/data/FungiDB-28_Tstipitatus_ATCC10500.gff,28,Talaromyces stipitatus ATCC 10500,441959,TRUE,FungiDB,Keith Hughitt <khughitt@umd.edu>,TxDb,Rda,LmjF_TxDb.rda
Genome annotations for Ustilago maydis 521,FungiDB 28 annotations for Ustilago maydis 521,3.4,LmjF28,GFF,http://FungiDB.org/common/downloads/Current_Release/Umaydis_521/gff/data/FungiDB-28_Umaydis_521.gff,28,Ustilago maydis 521,237631,TRUE,FungiDB,Keith Hughitt <khughitt@umd.edu>,TxDb,Rda,LmjF_TxDb.rda
Genome annotations for Yarrowia lipolytica CLIB122,FungiDB 28 annotations for Yarrowia lipolytica CLIB122,3.4,LmjF28,GFF,http://FungiDB.org/common/downloads/Current_Release/Ylipolytica_CLIB122/gff/data/FungiDB-28_Ylipolytica_CLIB122.gff,28,Yarrowia lipolytica CLIB122,284591,TRUE,FungiDB,Keith Hughitt <khughitt@umd.edu>,TxDb,Rda,LmjF_TxDb.rda
Genome annotations for Anncaliia algerae PRA109,MicrosporidiaDB 28 annotations for Anncaliia algerae PRA109,3.4,LmjF28,GFF,http://MicrosporidiaDB.org/common/downloads/Current_Release/AalgeraePRA109/gff/data/MicrosporidiaDB-28_AalgeraePRA109.gff,28,Anncaliia algerae PRA109,1240240,TRUE,MicrosporidiaDB,Keith Hughitt <khughitt@umd.edu>,TxDb,Rda,LmjF_TxDb.rda
Genome annotations for Anncaliia algerae PRA339,MicrosporidiaDB 28 annotations for Anncaliia algerae PRA339,3.4,LmjF28,GFF,http://MicrosporidiaDB.org/common/downloads/Current_Release/AalgeraePRA339/gff/data/MicrosporidiaDB-28_AalgeraePRA339.gff,28,Anncaliia algerae PRA339,1288291,TRUE,MicrosporidiaDB,Keith Hughitt <khughitt@umd.edu>,TxDb,Rda,LmjF_TxDb.rda
Genome annotations for Anncaliia algerae Undeen,MicrosporidiaDB 28 annotations for Anncaliia algerae Undeen,3.4,LmjF28,GFF,http://MicrosporidiaDB.org/common/downloads/Current_Release/AalgeraeUndeen/gff/data/MicrosporidiaDB-28_AalgeraeUndeen.gff,28,Anncaliia algerae Undeen,1150868,TRUE,MicrosporidiaDB,Keith Hughitt <khughitt@umd.edu>,TxDb,Rda,LmjF_TxDb.rda
Genome annotations for Acanthamoeba astronyxis Unknown,AmoebaDB 28 annotations for Acanthamoeba astronyxis Unknown,3.4,LmjF28,GFF,http://AmoebaDB.org/common/downloads/Current_Release/AastronyxisUnknown/gff/data/AmoebaDB-28_AastronyxisUnknown.gff,28,Acanthamoeba astronyxis Unknown,NA,TRUE,AmoebaDB,Keith Hughitt <khughitt@umd.edu>,TxDb,Rda,LmjF_TxDb.rda
Genome annotations for Acanthamoeba castellanii Ma,AmoebaDB 28 annotations for Acanthamoeba castellanii Ma,3.4,LmjF28,GFF,http://AmoebaDB.org/common/downloads/Current_Release/AcastellaniiMa/gff/data/AmoebaDB-28_AcastellaniiMa.gff,28,Acanthamoeba castellanii Ma,NA,TRUE,AmoebaDB,Keith Hughitt <khughitt@umd.edu>,TxDb,Rda,LmjF_TxDb.rda
Genome annotations for Acanthamoeba castellanii str. Neff,AmoebaDB 28 annotations for Acanthamoeba castellanii str. Neff,3.4,LmjF28,GFF,http://AmoebaDB.org/common/downloads/Current_Release/AcastellaniiNeff/gff/data/AmoebaDB-28_AcastellaniiNeff.gff,28,Acanthamoeba castellanii str. Neff,1257118,TRUE,AmoebaDB,Keith Hughitt <khughitt@umd.edu>,TxDb,Rda,LmjF_TxDb.rda
Genome annotations for Acanthamoeba sp Galka,AmoebaDB 28 annotations for Acanthamoeba sp Galka,3.4,LmjF28,GFF,http://AmoebaDB.org/common/downloads/Current_Release/AspGalka/gff/data/AmoebaDB-28_AspGalka.gff,28,Acanthamoeba sp Galka,NA,TRUE,AmoebaDB,Keith Hughitt <khughitt@umd.edu>,TxDb,Rda,LmjF_TxDb.rda
Genome annotations for Acanthamoeba sp Incertae sedis,AmoebaDB 28 annotations for Acanthamoeba sp Incertae sedis,3.4,LmjF28,GFF,http://AmoebaDB.org/common/downloads/Current_Release/AspIncertaesedis/gff/data/AmoebaDB-28_AspIncertaesedis.gff,28,Acanthamoeba sp Incertae sedis,NA,TRUE,AmoebaDB,Keith Hughitt <khughitt@umd.edu>,TxDb,Rda,LmjF_TxDb.rda
Genome annotations for Acanthamoeba sp T4b-type,AmoebaDB 28 annotations for Acanthamoeba sp T4b-type,3.4,LmjF28,GFF,http://AmoebaDB.org/common/downloads/Current_Release/AspT4b-type/gff/data/AmoebaDB-28_AspT4b-type.gff,28,Acanthamoeba sp T4b-type,NA,TRUE,AmoebaDB,Keith Hughitt <khughitt@umd.edu>,TxDb,Rda,LmjF_TxDb.rda
Genome annotations for Acanthamoeba culbertsoni A1,AmoebaDB 28 annotations for Acanthamoeba culbertsoni A1,3.4,LmjF28,GFF,http://AmoebaDB.org/common/downloads/Current_Release/AculbertsoniA1/gff/data/AmoebaDB-28_AculbertsoniA1.gff,28,Acanthamoeba culbertsoni A1,NA,TRUE,AmoebaDB,Keith Hughitt <khughitt@umd.edu>,TxDb,Rda,LmjF_TxDb.rda
Genome annotations for Acanthamoeba lenticulata PD2S,AmoebaDB 28 annotations for Acanthamoeba lenticulata PD2S,3.4,LmjF28,GFF,http://AmoebaDB.org/common/downloads/Current_Release/AlenticulataPD2S/gff/data/AmoebaDB-28_AlenticulataPD2S.gff,28,Acanthamoeba lenticulata PD2S,NA,TRUE,AmoebaDB,Keith Hughitt <khughitt@umd.edu>,TxDb,Rda,LmjF_TxDb.rda
Genome annotations for Acanthamoeba lugdunensis L3a,AmoebaDB 28 annotations for Acanthamoeba lugdunensis L3a,3.4,LmjF28,GFF,http://AmoebaDB.org/common/downloads/Current_Release/AlugdunensisL3a/gff/data/AmoebaDB-28_AlugdunensisL3a.gff,28,Acanthamoeba lugdunensis L3a,NA,TRUE,AmoebaDB,Keith Hughitt <khughitt@umd.edu>,TxDb,Rda,LmjF_TxDb.rda
Genome annotations for Acanthamoeba mauritaniensis 1652,AmoebaDB 28 annotations for Acanthamoeba mauritaniensis 1652,3.4,LmjF28,GFF,http://AmoebaDB.org/common/downloads/Current_Release/Amauritaniensis1652/gff/data/AmoebaDB-28_Amauritaniensis1652.gff,28,Acanthamoeba mauritaniensis 1652,NA,TRUE,AmoebaDB,Keith Hughitt <khughitt@umd.edu>,TxDb,Rda,LmjF_TxDb.rda
Genome annotations for Acanthamoeba palestinensis Reich,AmoebaDB 28 annotations for Acanthamoeba palestinensis Reich,3.4,LmjF28,GFF,http://AmoebaDB.org/common/downloads/Current_Release/ApalestinensisReich/gff/data/AmoebaDB-28_ApalestinensisReich.gff,28,Acanthamoeba palestinensis Reich,NA,TRUE,AmoebaDB,Keith Hughitt <khughitt@umd.edu>,TxDb,Rda,LmjF_TxDb.rda
Genome annotations for Acanthamoeba quina Vil3,AmoebaDB 28 annotations for Acanthamoeba quina Vil3,3.4,LmjF28,GFF,http://AmoebaDB.org/common/downloads/Current_Release/AquinaVil3/gff/data/AmoebaDB-28_AquinaVil3.gff,28,Acanthamoeba quina Vil3,NA,TRUE,AmoebaDB,Keith Hughitt <khughitt@umd.edu>,TxDb,Rda,LmjF_TxDb.rda
Genome annotations for Acanthamoeba rhysodes Singh,AmoebaDB 28 annotations for Acanthamoeba rhysodes Singh,3.4,LmjF28,GFF,http://AmoebaDB.org/common/downloads/Current_Release/ArhysodesSingh/gff/data/AmoebaDB-28_ArhysodesSingh.gff,28,Acanthamoeba rhysodes Singh,NA,TRUE,AmoebaDB,Keith Hughitt <khughitt@umd.edu>,TxDb,Rda,LmjF_TxDb.rda
Genome annotations for Acanthamoeba triangularis SH621,AmoebaDB 28 annotations for Acanthamoeba triangularis SH621,3.4,LmjF28,GFF,http://AmoebaDB.org/common/downloads/Current_Release/AtriangularisSH621/gff/data/AmoebaDB-28_AtriangularisSH621.gff,28,Acanthamoeba triangularis SH621,NA,TRUE,AmoebaDB,Keith Hughitt <khughitt@umd.edu>,TxDb,Rda,LmjF_TxDb.rda
Genome annotations for Babesia bigemina strain BOND,PiroplasmaDB 28 annotations for Babesia bigemina strain BOND,3.4,LmjF28,GFF,http://PiroplasmaDB.org/common/downloads/Current_Release/BbigeminaBOND/gff/data/PiroplasmaDB-28_BbigeminaBOND.gff,28,Babesia bigemina strain BOND,NA,TRUE,PiroplasmaDB,Keith Hughitt <khughitt@umd.edu>,TxDb,Rda,LmjF_TxDb.rda
Genome annotations for Babesia bovis T2Bo,PiroplasmaDB 28 annotations for Babesia bovis T2Bo,3.4,LmjF28,GFF,http://PiroplasmaDB.org/common/downloads/Current_Release/BbovisT2Bo/gff/data/PiroplasmaDB-28_BbovisT2Bo.gff,28,Babesia bovis T2Bo,484906,TRUE,PiroplasmaDB,Keith Hughitt <khughitt@umd.edu>,TxDb,Rda,LmjF_TxDb.rda
Genome annotations for Babesia microti strain RI,PiroplasmaDB 28 annotations for Babesia microti strain RI,3.4,LmjF28,GFF,http://PiroplasmaDB.org/common/downloads/Current_Release/BmicrotiRI/gff/data/PiroplasmaDB-28_BmicrotiRI.gff,28,Babesia microti strain RI,1133968,TRUE,PiroplasmaDB,Keith Hughitt <khughitt@umd.edu>,TxDb,Rda,LmjF_TxDb.rda
Genome annotations for Cryptosporidium baileyi TAMU-09Q1,CryptoDB 28 annotations for Cryptosporidium baileyi TAMU-09Q1,3.4,LmjF28,GFF,http://CryptoDB.org/common/downloads/Current_Release/CbaileyiTAMU-09Q1/gff/data/CryptoDB-28_CbaileyiTAMU-09Q1.gff,28,Cryptosporidium baileyi TAMU-09Q1,NA,TRUE,CryptoDB,Keith Hughitt <khughitt@umd.edu>,TxDb,Rda,LmjF_TxDb.rda
Genome annotations for Cyclospora cayetanensis strain CHN_HEN01,ToxoDB 28 annotations for Cyclospora cayetanensis strain CHN_HEN01,3.4,LmjF28,GFF,http://ToxoDB.org/common/downloads/Current_Release/CcayetanensisCHN_HEN01/gff/data/ToxoDB-28_CcayetanensisCHN_HEN01.gff,28,Cyclospora cayetanensis strain CHN_HEN01,NA,TRUE,ToxoDB,Keith Hughitt <khughitt@umd.edu>,TxDb,Rda,LmjF_TxDb.rda
Genome annotations for Crithidia fasciculata strain Cf-Cl,TriTrypDB 28 annotations for Crithidia fasciculata strain Cf-Cl,3.4,LmjF28,GFF,http://TriTrypDB.org/common/downloads/Current_Release/CfasciculataCfCl/gff/data/TriTrypDB-28_CfasciculataCfCl.gff,28,Crithidia fasciculata strain Cf-Cl,NA,TRUE,TriTrypDB,Keith Hughitt <khughitt@umd.edu>,TxDb,Rda,LmjF_TxDb.rda
Genome annotations for Cytauxzoon felis strain Winnie,PiroplasmaDB 28 annotations for Cytauxzoon felis strain Winnie,3.4,LmjF28,GFF,http://PiroplasmaDB.org/common/downloads/Current_Release/CfelisWinnie/gff/data/PiroplasmaDB-28_CfelisWinnie.gff,28,Cytauxzoon felis strain Winnie,NA,TRUE,PiroplasmaDB,Keith Hughitt <khughitt@umd.edu>,TxDb,Rda,LmjF_TxDb.rda
Genome annotations for Cryptosporidium hominis 37999,CryptoDB 28 annotations for Cryptosporidium hominis 37999,3.4,LmjF28,GFF,http://CryptoDB.org/common/downloads/Current_Release/Chominis37999/gff/data/CryptoDB-28_Chominis37999.gff,28,Cryptosporidium hominis 37999,NA,TRUE,CryptoDB,Keith Hughitt <khughitt@umd.edu>,TxDb,Rda,LmjF_TxDb.rda
Genome annotations for Cryptosporidium hominis TU502,CryptoDB 28 annotations for Cryptosporidium hominis TU502,3.4,LmjF28,GFF,http://CryptoDB.org/common/downloads/Current_Release/ChominisTU502/gff/data/CryptoDB-28_ChominisTU502.gff,28,Cryptosporidium hominis TU502,353151,TRUE,CryptoDB,Keith Hughitt <khughitt@umd.edu>,TxDb,Rda,LmjF_TxDb.rda
Genome annotations for Cryptosporidium hominis TU502_new,CryptoDB 28 annotations for Cryptosporidium hominis TU502_new,3.4,LmjF28,GFF,http://CryptoDB.org/common/downloads/Current_Release/ChominisTU502_new/gff/data/CryptoDB-28_ChominisTU502_new.gff,28,Cryptosporidium hominis TU502_new,NA,TRUE,CryptoDB,Keith Hughitt <khughitt@umd.edu>,TxDb,Rda,LmjF_TxDb.rda
Genome annotations for Cryptosporidium hominis UKH1,CryptoDB 28 annotations for Cryptosporidium hominis UKH1,3.4,LmjF28,GFF,http://CryptoDB.org/common/downloads/Current_Release/ChominisUKH1/gff/data/CryptoDB-28_ChominisUKH1.gff,28,Cryptosporidium hominis UKH1,NA,TRUE,CryptoDB,Keith Hughitt <khughitt@umd.edu>,TxDb,Rda,LmjF_TxDb.rda
Genome annotations for Cryptosporidium meleagridis UKMEL1,CryptoDB 28 annotations for Cryptosporidium meleagridis UKMEL1,3.4,LmjF28,GFF,http://CryptoDB.org/common/downloads/Current_Release/CmeleagridisUKMEL1/gff/data/CryptoDB-28_CmeleagridisUKMEL1.gff,28,Cryptosporidium meleagridis UKMEL1,NA,TRUE,CryptoDB,Keith Hughitt <khughitt@umd.edu>,TxDb,Rda,LmjF_TxDb.rda
Genome annotations for Cryptosporidium muris RN66,CryptoDB 28 annotations for Cryptosporidium muris RN66,3.4,LmjF28,GFF,http://CryptoDB.org/common/downloads/Current_Release/CmurisRN66/gff/data/CryptoDB-28_CmurisRN66.gff,28,Cryptosporidium muris RN66,441375,TRUE,CryptoDB,Keith Hughitt <khughitt@umd.edu>,TxDb,Rda,LmjF_TxDb.rda
Genome annotations for Cryptosporidium parvum Iowa II,CryptoDB 28 annotations for Cryptosporidium parvum Iowa II,3.4,LmjF28,GFF,http://CryptoDB.org/common/downloads/Current_Release/CparvumIowaII/gff/data/CryptoDB-28_CparvumIowaII.gff,28,Cryptosporidium parvum Iowa II,353152,TRUE,CryptoDB,Keith Hughitt <khughitt@umd.edu>,TxDb,Rda,LmjF_TxDb.rda
Genome annotations for Chromera velia CCMP2878,CryptoDB 28 annotations for Chromera velia CCMP2878,3.4,LmjF28,GFF,http://CryptoDB.org/common/downloads/Current_Release/CveliaCCMP2878/gff/data/CryptoDB-28_CveliaCCMP2878.gff,28,Chromera velia CCMP2878,1169474,TRUE,CryptoDB,Keith Hughitt <khughitt@umd.edu>,TxDb,Rda,LmjF_TxDb.rda
Genome annotations for Eimeria acervulina Houghton,ToxoDB 28 annotations for Eimeria acervulina Houghton,3.4,LmjF28,GFF,http://ToxoDB.org/common/downloads/Current_Release/EacervulinaHoughton/gff/data/ToxoDB-28_EacervulinaHoughton.gff,28,Eimeria acervulina Houghton,NA,TRUE,ToxoDB,Keith Hughitt <khughitt@umd.edu>,TxDb,Rda,LmjF_TxDb.rda
Genome annotations for Edhazardia aedis USNM 41457,MicrosporidiaDB 28 annotations for Edhazardia aedis USNM 41457,3.4,LmjF28,GFF,http://MicrosporidiaDB.org/common/downloads/Current_Release/EaedisUSNM41457/gff/data/MicrosporidiaDB-28_EaedisUSNM41457.gff,28,Edhazardia aedis USNM 41457,1003232,TRUE,MicrosporidiaDB,Keith Hughitt <khughitt@umd.edu>,TxDb,Rda,LmjF_TxDb.rda
Genome annotations for Enterocytozoon bieneusi H348,MicrosporidiaDB 28 annotations for Enterocytozoon bieneusi H348,3.4,LmjF28,GFF,http://MicrosporidiaDB.org/common/downloads/Current_Release/EbieneusiH348/gff/data/MicrosporidiaDB-28_EbieneusiH348.gff,28,Enterocytozoon bieneusi H348,481877,TRUE,MicrosporidiaDB,Keith Hughitt <khughitt@umd.edu>,TxDb,Rda,LmjF_TxDb.rda
Genome annotations for Eimeria brunetti Houghton,ToxoDB 28 annotations for Eimeria brunetti Houghton,3.4,LmjF28,GFF,http://ToxoDB.org/common/downloads/Current_Release/EbrunettiHoughton/gff/data/ToxoDB-28_EbrunettiHoughton.gff,28,Eimeria brunetti Houghton,NA,TRUE,ToxoDB,Keith Hughitt <khughitt@umd.edu>,TxDb,Rda,LmjF_TxDb.rda
Genome annotations for Encephalitozoon cuniculi EC1,MicrosporidiaDB 28 annotations for Encephalitozoon cuniculi EC1,3.4,LmjF28,GFF,http://MicrosporidiaDB.org/common/downloads/Current_Release/EcuniculiEC1/gff/data/MicrosporidiaDB-28_EcuniculiEC1.gff,28,Encephalitozoon cuniculi EC1,986730,TRUE,MicrosporidiaDB,Keith Hughitt <khughitt@umd.edu>,TxDb,Rda,LmjF_TxDb.rda
Genome annotations for Encephalitozoon cuniculi EC2,MicrosporidiaDB 28 annotations for Encephalitozoon cuniculi EC2,3.4,LmjF28,GFF,http://MicrosporidiaDB.org/common/downloads/Current_Release/EcuniculiEC2/gff/data/MicrosporidiaDB-28_EcuniculiEC2.gff,28,Encephalitozoon cuniculi EC2,989654,TRUE,MicrosporidiaDB,Keith Hughitt <khughitt@umd.edu>,TxDb,Rda,LmjF_TxDb.rda
Genome annotations for Encephalitozoon cuniculi EC3,MicrosporidiaDB 28 annotations for Encephalitozoon cuniculi EC3,3.4,LmjF28,GFF,http://MicrosporidiaDB.org/common/downloads/Current_Release/EcuniculiEC3/gff/data/MicrosporidiaDB-28_EcuniculiEC3.gff,28,Encephalitozoon cuniculi EC3,989655,TRUE,MicrosporidiaDB,Keith Hughitt <khughitt@umd.edu>,TxDb,Rda,LmjF_TxDb.rda
Genome annotations for Encephalitozoon cuniculi GB-M1,MicrosporidiaDB 28 annotations for Encephalitozoon cuniculi GB-M1,3.4,LmjF28,GFF,http://MicrosporidiaDB.org/common/downloads/Current_Release/EcuniculiGBM1/gff/data/MicrosporidiaDB-28_EcuniculiGBM1.gff,28,Encephalitozoon cuniculi GB-M1,284813,TRUE,MicrosporidiaDB,Keith Hughitt <khughitt@umd.edu>,TxDb,Rda,LmjF_TxDb.rda
Genome annotations for Entamoeba dispar SAW760,AmoebaDB 28 annotations for Entamoeba dispar SAW760,3.4,LmjF28,GFF,http://AmoebaDB.org/common/downloads/Current_Release/EdisparSAW760/gff/data/AmoebaDB-28_EdisparSAW760.gff,28,Entamoeba dispar SAW760,370354,TRUE,AmoebaDB,Keith Hughitt <khughitt@umd.edu>,TxDb,Rda,LmjF_TxDb.rda
Genome annotations for Eimeria falciformis Bayer Haberkorn 1970,ToxoDB 28 annotations for Eimeria falciformis Bayer Haberkorn 1970,3.4,LmjF28,GFF,http://ToxoDB.org/common/downloads/Current_Release/EfalciformisBayerHaberkorn1970/gff/data/ToxoDB-28_EfalciformisBayerHaberkorn1970.gff,28,Eimeria falciformis Bayer Haberkorn 1970,NA,TRUE,ToxoDB,Keith Hughitt <khughitt@umd.edu>,TxDb,Rda,LmjF_TxDb.rda
Genome annotations for Encephalitozoon hellem ATCC 50504,MicrosporidiaDB 28 annotations for Encephalitozoon hellem ATCC 50504,3.4,LmjF28,GFF,http://MicrosporidiaDB.org/common/downloads/Current_Release/EhellemATCC50504/gff/data/MicrosporidiaDB-28_EhellemATCC50504.gff,28,Encephalitozoon hellem ATCC 50504,907965,TRUE,MicrosporidiaDB,Keith Hughitt <khughitt@umd.edu>,TxDb,Rda,LmjF_TxDb.rda
Genome annotations for Encephalitozoon hellem Swiss,MicrosporidiaDB 28 annotations for Encephalitozoon hellem Swiss,3.4,LmjF28,GFF,http://MicrosporidiaDB.org/common/downloads/Current_Release/EhellemSwiss/gff/data/MicrosporidiaDB-28_EhellemSwiss.gff,28,Encephalitozoon hellem Swiss,NA,TRUE,MicrosporidiaDB,Keith Hughitt <khughitt@umd.edu>,TxDb,Rda,LmjF_TxDb.rda
Genome annotations for Entamoeba histolytica DS4-868,AmoebaDB 28 annotations for Entamoeba histolytica DS4-868,3.4,LmjF28,GFF,http://AmoebaDB.org/common/downloads/Current_Release/EhistolyticaDS4/gff/data/AmoebaDB-28_EhistolyticaDS4.gff,28,Entamoeba histolytica DS4-868,885310,TRUE,AmoebaDB,Keith Hughitt <khughitt@umd.edu>,TxDb,Rda,LmjF_TxDb.rda
Genome annotations for Entamoeba histolytica HM-1:CA,AmoebaDB 28 annotations for Entamoeba histolytica HM-1:CA,3.4,LmjF28,GFF,http://AmoebaDB.org/common/downloads/Current_Release/EhistolyticaHM1CA/gff/data/AmoebaDB-28_EhistolyticaHM1CA.gff,28,Entamoeba histolytica HM-1:CA,NA,TRUE,AmoebaDB,Keith Hughitt <khughitt@umd.edu>,TxDb,Rda,LmjF_TxDb.rda
Genome annotations for Entamoeba histolytica HM-1:IMSS,AmoebaDB 28 annotations for Entamoeba histolytica HM-1:IMSS,3.4,LmjF28,GFF,http://AmoebaDB.org/common/downloads/Current_Release/EhistolyticaHM1IMSS/gff/data/AmoebaDB-28_EhistolyticaHM1IMSS.gff,28,Entamoeba histolytica HM-1:IMSS,294381,TRUE,AmoebaDB,Keith Hughitt <khughitt@umd.edu>,TxDb,Rda,LmjF_TxDb.rda
Genome annotations for Entamoeba histolytica HM-1:IMSS-A,AmoebaDB 28 annotations for Entamoeba histolytica HM-1:IMSS-A,3.4,LmjF28,GFF,http://AmoebaDB.org/common/downloads/Current_Release/EhistolyticaHM1IMSS-A/gff/data/AmoebaDB-28_EhistolyticaHM1IMSS-A.gff,28,Entamoeba histolytica HM-1:IMSS-A,885318,TRUE,AmoebaDB,Keith Hughitt <khughitt@umd.edu>,TxDb,Rda,LmjF_TxDb.rda
Genome annotations for Entamoeba histolytica HM-1:IMSS-B,AmoebaDB 28 annotations for Entamoeba histolytica HM-1:IMSS-B,3.4,LmjF28,GFF,http://AmoebaDB.org/common/downloads/Current_Release/EhistolyticaHM1IMSS-B/gff/data/AmoebaDB-28_EhistolyticaHM1IMSS-B.gff,28,Entamoeba histolytica HM-1:IMSS-B,885319,TRUE,AmoebaDB,Keith Hughitt <khughitt@umd.edu>,TxDb,Rda,LmjF_TxDb.rda
Genome annotations for Entamoeba histolytica HM-3:IMSS,AmoebaDB 28 annotations for Entamoeba histolytica HM-3:IMSS,3.4,LmjF28,GFF,http://AmoebaDB.org/common/downloads/Current_Release/EhistolyticaHM3IMSS/gff/data/AmoebaDB-28_EhistolyticaHM3IMSS.gff,28,Entamoeba histolytica HM-3:IMSS,885315,TRUE,AmoebaDB,Keith Hughitt <khughitt@umd.edu>,TxDb,Rda,LmjF_TxDb.rda
Genome annotations for Entamoeba histolytica KU27,AmoebaDB 28 annotations for Entamoeba histolytica KU27,3.4,LmjF28,GFF,http://AmoebaDB.org/common/downloads/Current_Release/EhistolyticaKU27/gff/data/AmoebaDB-28_EhistolyticaKU27.gff,28,Entamoeba histolytica KU27,885311,TRUE,AmoebaDB,Keith Hughitt <khughitt@umd.edu>,TxDb,Rda,LmjF_TxDb.rda
Genome annotations for Entamoeba histolytica KU48,AmoebaDB 28 annotations for Entamoeba histolytica KU48,3.4,LmjF28,GFF,http://AmoebaDB.org/common/downloads/Current_Release/EhistolyticaKU48/gff/data/AmoebaDB-28_EhistolyticaKU48.gff,28,Entamoeba histolytica KU48,885312,TRUE,AmoebaDB,Keith Hughitt <khughitt@umd.edu>,TxDb,Rda,LmjF_TxDb.rda
Genome annotations for Entamoeba histolytica KU50,AmoebaDB 28 annotations for Entamoeba histolytica KU50,3.4,LmjF28,GFF,http://AmoebaDB.org/common/downloads/Current_Release/EhistolyticaKU50/gff/data/AmoebaDB-28_EhistolyticaKU50.gff,28,Entamoeba histolytica KU50,885313,TRUE,AmoebaDB,Keith Hughitt <khughitt@umd.edu>,TxDb,Rda,LmjF_TxDb.rda
Genome annotations for Entamoeba histolytica MS96-3382,AmoebaDB 28 annotations for Entamoeba histolytica MS96-3382,3.4,LmjF28,GFF,http://AmoebaDB.org/common/downloads/Current_Release/EhistolyticaMS96/gff/data/AmoebaDB-28_EhistolyticaMS96.gff,28,Entamoeba histolytica MS96-3382,885314,TRUE,AmoebaDB,Keith Hughitt <khughitt@umd.edu>,TxDb,Rda,LmjF_TxDb.rda
Genome annotations for Entamoeba histolytica Rahman,AmoebaDB 28 annotations for Entamoeba histolytica Rahman,3.4,LmjF28,GFF,http://AmoebaDB.org/common/downloads/Current_Release/EhistolyticaRahman/gff/data/AmoebaDB-28_EhistolyticaRahman.gff,28,Entamoeba histolytica Rahman,NA,TRUE,AmoebaDB,Keith Hughitt <khughitt@umd.edu>,TxDb,Rda,LmjF_TxDb.rda
Genome annotations for Encephalitozoon intestinalis ATCC 50506,MicrosporidiaDB 28 annotations for Encephalitozoon intestinalis ATCC 50506,3.4,LmjF28,GFF,http://MicrosporidiaDB.org/common/downloads/Current_Release/EintestinalisATCC50506/gff/data/MicrosporidiaDB-28_EintestinalisATCC50506.gff,28,Encephalitozoon intestinalis ATCC 50506,876142,TRUE,MicrosporidiaDB,Keith Hughitt <khughitt@umd.edu>,TxDb,Rda,LmjF_TxDb.rda
Genome annotations for Entamoeba invadens IP1,AmoebaDB 28 annotations for Entamoeba invadens IP1,3.4,LmjF28,GFF,http://AmoebaDB.org/common/downloads/Current_Release/EinvadensIP1/gff/data/AmoebaDB-28_EinvadensIP1.gff,28,Entamoeba invadens IP1,370355,TRUE,AmoebaDB,Keith Hughitt <khughitt@umd.edu>,TxDb,Rda,LmjF_TxDb.rda
Genome annotations for Eimeria maxima Weybridge,ToxoDB 28 annotations for Eimeria maxima Weybridge,3.4,LmjF28,GFF,http://ToxoDB.org/common/downloads/Current_Release/EmaximaWeybridge/gff/data/ToxoDB-28_EmaximaWeybridge.gff,28,Eimeria maxima Weybridge,NA,TRUE,ToxoDB,Keith Hughitt <khughitt@umd.edu>,TxDb,Rda,LmjF_TxDb.rda
Genome annotations for Eimeria mitis Houghton,ToxoDB 28 annotations for Eimeria mitis Houghton,3.4,LmjF28,GFF,http://ToxoDB.org/common/downloads/Current_Release/EmitisHoughton/gff/data/ToxoDB-28_EmitisHoughton.gff,28,Eimeria mitis Houghton,NA,TRUE,ToxoDB,Keith Hughitt <khughitt@umd.edu>,TxDb,Rda,LmjF_TxDb.rda
Genome annotations for Endotrypanum monterogeii strain LV88,TriTrypDB 28 annotations for Endotrypanum monterogeii strain LV88,3.4,LmjF28,GFF,http://TriTrypDB.org/common/downloads/Current_Release/EmonterogeiiLV88/gff/data/TriTrypDB-28_EmonterogeiiLV88.gff,28,Endotrypanum monterogeii strain LV88,NA,TRUE,TriTrypDB,Keith Hughitt <khughitt@umd.edu>,TxDb,Rda,LmjF_TxDb.rda
Genome annotations for Entamoeba moshkovskii Laredo,AmoebaDB 28 annotations for Entamoeba moshkovskii Laredo,3.4,LmjF28,GFF,http://AmoebaDB.org/common/downloads/Current_Release/EmoshkovskiiLaredo/gff/data/AmoebaDB-28_EmoshkovskiiLaredo.gff,28,Entamoeba moshkovskii Laredo,NA,TRUE,AmoebaDB,Keith Hughitt <khughitt@umd.edu>,TxDb,Rda,LmjF_TxDb.rda
Genome annotations for Eimeria necatrix Houghton,ToxoDB 28 annotations for Eimeria necatrix Houghton,3.4,LmjF28,GFF,http://ToxoDB.org/common/downloads/Current_Release/EnecatrixHoughton/gff/data/ToxoDB-28_EnecatrixHoughton.gff,28,Eimeria necatrix Houghton,NA,TRUE,ToxoDB,Keith Hughitt <khughitt@umd.edu>,TxDb,Rda,LmjF_TxDb.rda
Genome annotations for Entamoeba nuttalli P19,AmoebaDB 28 annotations for Entamoeba nuttalli P19,3.4,LmjF28,GFF,http://AmoebaDB.org/common/downloads/Current_Release/EnuttalliP19/gff/data/AmoebaDB-28_EnuttalliP19.gff,28,Entamoeba nuttalli P19,1076696,TRUE,AmoebaDB,Keith Hughitt <khughitt@umd.edu>,TxDb,Rda,LmjF_TxDb.rda
Genome annotations for Eimeria praecox Houghton,ToxoDB 28 annotations for Eimeria praecox Houghton,3.4,LmjF28,GFF,http://ToxoDB.org/common/downloads/Current_Release/EpraecoxHoughton/gff/data/ToxoDB-28_EpraecoxHoughton.gff,28,Eimeria praecox Houghton,NA,TRUE,ToxoDB,Keith Hughitt <khughitt@umd.edu>,TxDb,Rda,LmjF_TxDb.rda
Genome annotations for Encephalitozoon romaleae SJ-2008,MicrosporidiaDB 28 annotations for Encephalitozoon romaleae SJ-2008,3.4,LmjF28,GFF,http://MicrosporidiaDB.org/common/downloads/Current_Release/EromaleaeSJ2008/gff/data/MicrosporidiaDB-28_EromaleaeSJ2008.gff,28,Encephalitozoon romaleae SJ-2008,1178016,TRUE,MicrosporidiaDB,Keith Hughitt <khughitt@umd.edu>,TxDb,Rda,LmjF_TxDb.rda
Genome annotations for Eimeria tenella strain Houghton,ToxoDB 28 annotations for Eimeria tenella strain Houghton,3.4,LmjF28,GFF,http://ToxoDB.org/common/downloads/Current_Release/EtenellaHoughton/gff/data/ToxoDB-28_EtenellaHoughton.gff,28,Eimeria tenella strain Houghton,413949,TRUE,ToxoDB,Keith Hughitt <khughitt@umd.edu>,TxDb,Rda,LmjF_TxDb.rda
Genome annotations for Giardia Assemblage A2 isolate DH,GiardiaDB 28 annotations for Giardia Assemblage A2 isolate DH,3.4,LmjF28,GFF,http://GiardiaDB.org/common/downloads/Current_Release/GintestinalisAssemblageADH/gff/data/GiardiaDB-28_GintestinalisAssemblageADH.gff,28,Giardia Assemblage A2 isolate DH,NA,TRUE,GiardiaDB,Keith Hughitt <khughitt@umd.edu>,TxDb,Rda,LmjF_TxDb.rda
Genome annotations for Giardia Assemblage A isolate WB,GiardiaDB 28 annotations for Giardia Assemblage A isolate WB,3.4,LmjF28,GFF,http://GiardiaDB.org/common/downloads/Current_Release/GintestinalisAssemblageA/gff/data/GiardiaDB-28_GintestinalisAssemblageA.gff,28,Giardia Assemblage A isolate WB,184922,TRUE,GiardiaDB,Keith Hughitt <khughitt@umd.edu>,TxDb,Rda,LmjF_TxDb.rda
Genome annotations for Giardia Assemblage B isolate GS,GiardiaDB 28 annotations for Giardia Assemblage B isolate GS,3.4,LmjF28,GFF,http://GiardiaDB.org/common/downloads/Current_Release/GintestinalisAssemblageB/gff/data/GiardiaDB-28_GintestinalisAssemblageB.gff,28,Giardia Assemblage B isolate GS,598745,TRUE,GiardiaDB,Keith Hughitt <khughitt@umd.edu>,TxDb,Rda,LmjF_TxDb.rda
Genome annotations for Giardia Assemblage B isolate GS_B,GiardiaDB 28 annotations for Giardia Assemblage B isolate GS_B,3.4,LmjF28,GFF,http://GiardiaDB.org/common/downloads/Current_Release/GintestinalisAssemblageBGS_B/gff/data/GiardiaDB-28_GintestinalisAssemblageBGS_B.gff,28,Giardia Assemblage B isolate GS_B,NA,TRUE,GiardiaDB,Keith Hughitt <khughitt@umd.edu>,TxDb,Rda,LmjF_TxDb.rda
Genome annotations for Giardia Assemblage E isolate P15,GiardiaDB 28 annotations for Giardia Assemblage E isolate P15,3.4,LmjF28,GFF,http://GiardiaDB.org/common/downloads/Current_Release/GintestinalisAssemblageE/gff/data/GiardiaDB-28_GintestinalisAssemblageE.gff,28,Giardia Assemblage E isolate P15,658858,TRUE,GiardiaDB,Keith Hughitt <khughitt@umd.edu>,TxDb,Rda,LmjF_TxDb.rda
Genome annotations for Gregarina niphandrodes Unknown strain,CryptoDB 28 annotations for Gregarina niphandrodes Unknown strain,3.4,LmjF28,GFF,http://CryptoDB.org/common/downloads/Current_Release/GniphandrodesUnknown/gff/data/CryptoDB-28_GniphandrodesUnknown.gff,28,Gregarina niphandrodes Unknown strain,NA,TRUE,CryptoDB,Keith Hughitt <khughitt@umd.edu>,TxDb,Rda,LmjF_TxDb.rda
Genome annotations for Hammondia hammondi strain H.H.34,ToxoDB 28 annotations for Hammondia hammondi strain H.H.34,3.4,LmjF28,GFF,http://ToxoDB.org/common/downloads/Current_Release/HhammondiHH34/gff/data/ToxoDB-28_HhammondiHH34.gff,28,Hammondia hammondi strain H.H.34,NA,TRUE,ToxoDB,Keith Hughitt <khughitt@umd.edu>,TxDb,Rda,LmjF_TxDb.rda
Genome annotations for Hamiltosporidium tvaerminnensis OER-3-3,MicrosporidiaDB 28 annotations for Hamiltosporidium tvaerminnensis OER-3-3,3.4,LmjF28,GFF,http://MicrosporidiaDB.org/common/downloads/Current_Release/HtvaerminnensisOER-3-3/gff/data/MicrosporidiaDB-28_HtvaerminnensisOER-3-3.gff,28,Hamiltosporidium tvaerminnensis OER-3-3,657448,TRUE,MicrosporidiaDB,Keith Hughitt <khughitt@umd.edu>,TxDb,Rda,LmjF_TxDb.rda
Genome annotations for Leishmania aethiopica L147,TriTrypDB 28 annotations for Leishmania aethiopica L147,3.4,LmjF28,GFF,http://TriTrypDB.org/common/downloads/Current_Release/LaethiopicaL147/gff/data/TriTrypDB-28_LaethiopicaL147.gff,28,Leishmania aethiopica L147,1206056,TRUE,TriTrypDB,Keith Hughitt <khughitt@umd.edu>,TxDb,Rda,LmjF_TxDb.rda
Genome annotations for Leishmania amazonensis MHOM/BR/71973/M2269,TriTrypDB 28 annotations for Leishmania amazonensis MHOM/BR/71973/M2269,3.4,LmjF28,GFF,http://TriTrypDB.org/common/downloads/Current_Release/LamazonensisMHOMBR71973M2269/gff/data/TriTrypDB-28_LamazonensisMHOMBR71973M2269.gff,28,Leishmania amazonensis MHOM/BR/71973/M2269,NA,TRUE,TriTrypDB,Keith Hughitt <khughitt@umd.edu>,TxDb,Rda,LmjF_TxDb.rda
Genome annotations for Leishmania arabica strain LEM1108,TriTrypDB 28 annotations for Leishmania arabica strain LEM1108,3.4,LmjF28,GFF,http://TriTrypDB.org/common/downloads/Current_Release/LarabicaLEM1108/gff/data/TriTrypDB-28_LarabicaLEM1108.gff,28,Leishmania arabica strain LEM1108,NA,TRUE,TriTrypDB,Keith Hughitt <khughitt@umd.edu>,TxDb,Rda,LmjF_TxDb.rda
Genome annotations for Leishmania braziliensis MHOM/BR/75/M2903,TriTrypDB 28 annotations for Leishmania braziliensis MHOM/BR/75/M2903,3.4,LmjF28,GFF,http://TriTrypDB.org/common/downloads/Current_Release/LbraziliensisMHOMBR75M2903/gff/data/TriTrypDB-28_LbraziliensisMHOMBR75M2903.gff,28,Leishmania braziliensis MHOM/BR/75/M2903,1295825,TRUE,TriTrypDB,Keith Hughitt <khughitt@umd.edu>,TxDb,Rda,LmjF_TxDb.rda
Genome annotations for Leishmania braziliensis MHOM/BR/75/M2904,TriTrypDB 28 annotations for Leishmania braziliensis MHOM/BR/75/M2904,3.4,LmjF28,GFF,http://TriTrypDB.org/common/downloads/Current_Release/LbraziliensisMHOMBR75M2904/gff/data/TriTrypDB-28_LbraziliensisMHOMBR75M2904.gff,28,Leishmania braziliensis MHOM/BR/75/M2904,420245,TRUE,TriTrypDB,Keith Hughitt <khughitt@umd.edu>,TxDb,Rda,LmjF_TxDb.rda
Genome annotations for Leishmania donovani strain BHU 1220,TriTrypDB 28 annotations for Leishmania donovani strain BHU 1220,3.4,LmjF28,GFF,http://TriTrypDB.org/common/downloads/Current_Release/LdonovaniBHU1220/gff/data/TriTrypDB-28_LdonovaniBHU1220.gff,28,Leishmania donovani strain BHU 1220,NA,TRUE,TriTrypDB,Keith Hughitt <khughitt@umd.edu>,TxDb,Rda,LmjF_TxDb.rda
Genome annotations for Leishmania donovani BPK282A1,TriTrypDB 28 annotations for Leishmania donovani BPK282A1,3.4,LmjF28,GFF,http://TriTrypDB.org/common/downloads/Current_Release/LdonovaniBPK282A1/gff/data/TriTrypDB-28_LdonovaniBPK282A1.gff,28,Leishmania donovani BPK282A1,981087,TRUE,TriTrypDB,Keith Hughitt <khughitt@umd.edu>,TxDb,Rda,LmjF_TxDb.rda
Genome annotations for Leishmania enriettii strain LEM3045,TriTrypDB 28 annotations for Leishmania enriettii strain LEM3045,3.4,LmjF28,GFF,http://TriTrypDB.org/common/downloads/Current_Release/LenriettiiLEM3045/gff/data/TriTrypDB-28_LenriettiiLEM3045.gff,28,Leishmania enriettii strain LEM3045,NA,TRUE,TriTrypDB,Keith Hughitt <khughitt@umd.edu>,TxDb,Rda,LmjF_TxDb.rda
Genome annotations for Leishmania gerbilli strain LEM452,TriTrypDB 28 annotations for Leishmania gerbilli strain LEM452,3.4,LmjF28,GFF,http://TriTrypDB.org/common/downloads/Current_Release/LgerbilliLEM452/gff/data/TriTrypDB-28_LgerbilliLEM452.gff,28,Leishmania gerbilli strain LEM452,NA,TRUE,TriTrypDB,Keith Hughitt <khughitt@umd.edu>,TxDb,Rda,LmjF_TxDb.rda
Genome annotations for Leishmania infantum JPCM5,TriTrypDB 28 annotations for Leishmania infantum JPCM5,3.4,LmjF28,GFF,http://TriTrypDB.org/common/downloads/Current_Release/LinfantumJPCM5/gff/data/TriTrypDB-28_LinfantumJPCM5.gff,28,Leishmania infantum JPCM5,435258,TRUE,TriTrypDB,Keith Hughitt <khughitt@umd.edu>,TxDb,Rda,LmjF_TxDb.rda
Genome annotations for Leishmania major strain Friedlin,TriTrypDB 28 annotations for Leishmania major strain Friedlin,3.4,LmjF28,GFF,http://TriTrypDB.org/common/downloads/Current_Release/LmajorFriedlin/gff/data/TriTrypDB-28_LmajorFriedlin.gff,28,Leishmania major strain Friedlin,347515,TRUE,TriTrypDB,Keith Hughitt <khughitt@umd.edu>,TxDb,Rda,LmjF_TxDb.rda
Genome annotations for Leishmania major strain LV39c5,TriTrypDB 28 annotations for Leishmania major strain LV39c5,3.4,LmjF28,GFF,http://TriTrypDB.org/common/downloads/Current_Release/LmajorLV39c5/gff/data/TriTrypDB-28_LmajorLV39c5.gff,28,Leishmania major strain LV39c5,860569,TRUE,TriTrypDB,Keith Hughitt <khughitt@umd.edu>,TxDb,Rda,LmjF_TxDb.rda
Genome annotations for Leishmania major strain SD 75.1,TriTrypDB 28 annotations for Leishmania major strain SD 75.1,3.4,LmjF28,GFF,http://TriTrypDB.org/common/downloads/Current_Release/LmajorSD75.1/gff/data/TriTrypDB-28_LmajorSD75.1.gff,28,Leishmania major strain SD 75.1,860570,TRUE,TriTrypDB,Keith Hughitt <khughitt@umd.edu>,TxDb,Rda,LmjF_TxDb.rda
Genome annotations for Leishmania mexicana MHOM/GT/2001/U1103,TriTrypDB 28 annotations for Leishmania mexicana MHOM/GT/2001/U1103,3.4,LmjF28,GFF,http://TriTrypDB.org/common/downloads/Current_Release/LmexicanaMHOMGT2001U1103/gff/data/TriTrypDB-28_LmexicanaMHOMGT2001U1103.gff,28,Leishmania mexicana MHOM/GT/2001/U1103,929439,TRUE,TriTrypDB,Keith Hughitt <khughitt@umd.edu>,TxDb,Rda,LmjF_TxDb.rda
Genome annotations for Leishmania panamensis MHOM/COL/81/L13,TriTrypDB 28 annotations for Leishmania panamensis MHOM/COL/81/L13,3.4,LmjF28,GFF,http://TriTrypDB.org/common/downloads/Current_Release/LpanamensisMHOMCOL81L13/gff/data/TriTrypDB-28_LpanamensisMHOMCOL81L13.gff,28,Leishmania panamensis MHOM/COL/81/L13,1295824,TRUE,TriTrypDB,Keith Hughitt <khughitt@umd.edu>,TxDb,Rda,LmjF_TxDb.rda
Genome annotations for Leptomonas pyrrhocoris H10,TriTrypDB 28 annotations for Leptomonas pyrrhocoris H10,3.4,LmjF28,GFF,http://TriTrypDB.org/common/downloads/Current_Release/LpyrrhocorisH10/gff/data/TriTrypDB-28_LpyrrhocorisH10.gff,28,Leptomonas pyrrhocoris H10,NA,TRUE,TriTrypDB,Keith Hughitt <khughitt@umd.edu>,TxDb,Rda,LmjF_TxDb.rda
Genome annotations for Leptomonas seymouri ATCC 30220,TriTrypDB 28 annotations for Leptomonas seymouri ATCC 30220,3.4,LmjF28,GFF,http://TriTrypDB.org/common/downloads/Current_Release/LseymouriATCC30220/gff/data/TriTrypDB-28_LseymouriATCC30220.gff,28,Leptomonas seymouri ATCC 30220,NA,TRUE,TriTrypDB,Keith Hughitt <khughitt@umd.edu>,TxDb,Rda,LmjF_TxDb.rda
Genome annotations for Leishmania sp. MAR LEM2494,TriTrypDB 28 annotations for Leishmania sp. MAR LEM2494,3.4,LmjF28,GFF,http://TriTrypDB.org/common/downloads/Current_Release/LspMARLEM2494/gff/data/TriTrypDB-28_LspMARLEM2494.gff,28,Leishmania sp. MAR LEM2494,1303197,TRUE,TriTrypDB,Keith Hughitt <khughitt@umd.edu>,TxDb,Rda,LmjF_TxDb.rda
Genome annotations for Leishmania tarentolae Parrot-TarII,TriTrypDB 28 annotations for Leishmania tarentolae Parrot-TarII,3.4,LmjF28,GFF,http://TriTrypDB.org/common/downloads/Current_Release/LtarentolaeParrotTarII/gff/data/TriTrypDB-28_LtarentolaeParrotTarII.gff,28,Leishmania tarentolae Parrot-TarII,NA,TRUE,TriTrypDB,Keith Hughitt <khughitt@umd.edu>,TxDb,Rda,LmjF_TxDb.rda
Genome annotations for Leishmania tropica L590,TriTrypDB 28 annotations for Leishmania tropica L590,3.4,LmjF28,GFF,http://TriTrypDB.org/common/downloads/Current_Release/LtropicaL590/gff/data/TriTrypDB-28_LtropicaL590.gff,28,Leishmania tropica L590,1206058,TRUE,TriTrypDB,Keith Hughitt <khughitt@umd.edu>,TxDb,Rda,LmjF_TxDb.rda
Genome annotations for Leishmania turanica strain LEM423,TriTrypDB 28 annotations for Leishmania turanica strain LEM423,3.4,LmjF28,GFF,http://TriTrypDB.org/common/downloads/Current_Release/LturanicaLEM423/gff/data/TriTrypDB-28_LturanicaLEM423.gff,28,Leishmania turanica strain LEM423,NA,TRUE,TriTrypDB,Keith Hughitt <khughitt@umd.edu>,TxDb,Rda,LmjF_TxDb.rda
Genome annotations for Mitosporidium daphniae UGP3,MicrosporidiaDB 28 annotations for Mitosporidium daphniae UGP3,3.4,LmjF28,GFF,http://MicrosporidiaDB.org/common/downloads/Current_Release/MdaphniaeUGP3/gff/data/MicrosporidiaDB-28_MdaphniaeUGP3.gff,28,Mitosporidium daphniae UGP3,NA,TRUE,MicrosporidiaDB,Keith Hughitt <khughitt@umd.edu>,TxDb,Rda,LmjF_TxDb.rda
Genome annotations for Nosema bombycis CQ1,MicrosporidiaDB 28 annotations for Nosema bombycis CQ1,3.4,LmjF28,GFF,http://MicrosporidiaDB.org/common/downloads/Current_Release/NbombycisCQ1/gff/data/MicrosporidiaDB-28_NbombycisCQ1.gff,28,Nosema bombycis CQ1,578461,TRUE,MicrosporidiaDB,Keith Hughitt <khughitt@umd.edu>,TxDb,Rda,LmjF_TxDb.rda
Genome annotations for Neospora caninum Liverpool,ToxoDB 28 annotations for Neospora caninum Liverpool,3.4,LmjF28,GFF,http://ToxoDB.org/common/downloads/Current_Release/NcaninumLIV/gff/data/ToxoDB-28_NcaninumLIV.gff,28,Neospora caninum Liverpool,572307,TRUE,ToxoDB,Keith Hughitt <khughitt@umd.edu>,TxDb,Rda,LmjF_TxDb.rda
Genome annotations for Nosema ceranae BRL01,MicrosporidiaDB 28 annotations for Nosema ceranae BRL01,3.4,LmjF28,GFF,http://MicrosporidiaDB.org/common/downloads/Current_Release/NceranaeBRL01/gff/data/MicrosporidiaDB-28_NceranaeBRL01.gff,28,Nosema ceranae BRL01,578460,TRUE,MicrosporidiaDB,Keith Hughitt <khughitt@umd.edu>,TxDb,Rda,LmjF_TxDb.rda
Genome annotations for Nematocida sp. 1 ERTm2,MicrosporidiaDB 28 annotations for Nematocida sp. 1 ERTm2,3.4,LmjF28,GFF,http://MicrosporidiaDB.org/common/downloads/Current_Release/NematocidaSp1ERTm2/gff/data/MicrosporidiaDB-28_NematocidaSp1ERTm2.gff,28,Nematocida sp. 1 ERTm2,944018,TRUE,MicrosporidiaDB,Keith Hughitt <khughitt@umd.edu>,TxDb,Rda,LmjF_TxDb.rda
Genome annotations for Naegleria fowleri ATCC 30863,AmoebaDB 28 annotations for Naegleria fowleri ATCC 30863,3.4,LmjF28,GFF,http://AmoebaDB.org/common/downloads/Current_Release/NfowleriATCC30863/gff/data/AmoebaDB-28_NfowleriATCC30863.gff,28,Naegleria fowleri ATCC 30863,NA,TRUE,AmoebaDB,Keith Hughitt <khughitt@umd.edu>,TxDb,Rda,LmjF_TxDb.rda
Genome annotations for Nematocida parisii ERTm1,MicrosporidiaDB 28 annotations for Nematocida parisii ERTm1,3.4,LmjF28,GFF,http://MicrosporidiaDB.org/common/downloads/Current_Release/NparisiiERTm1/gff/data/MicrosporidiaDB-28_NparisiiERTm1.gff,28,Nematocida parisii ERTm1,881290,TRUE,MicrosporidiaDB,Keith Hughitt <khughitt@umd.edu>,TxDb,Rda,LmjF_TxDb.rda
Genome annotations for Nematocida parisii ERTm3,MicrosporidiaDB 28 annotations for Nematocida parisii ERTm3,3.4,LmjF28,GFF,http://MicrosporidiaDB.org/common/downloads/Current_Release/NparisiiERTm3/gff/data/MicrosporidiaDB-28_NparisiiERTm3.gff,28,Nematocida parisii ERTm3,935791,TRUE,MicrosporidiaDB,Keith Hughitt <khughitt@umd.edu>,TxDb,Rda,LmjF_TxDb.rda
Genome annotations for Nematocida sp. 1 ERTm6,MicrosporidiaDB 28 annotations for Nematocida sp. 1 ERTm6,3.4,LmjF28,GFF,http://MicrosporidiaDB.org/common/downloads/Current_Release/Nsp1ERTm6/gff/data/MicrosporidiaDB-28_Nsp1ERTm6.gff,28,Nematocida sp. 1 ERTm6,1138374,TRUE,MicrosporidiaDB,Keith Hughitt <khughitt@umd.edu>,TxDb,Rda,LmjF_TxDb.rda
Genome annotations for Ordospora colligata OC4,MicrosporidiaDB 28 annotations for Ordospora colligata OC4,3.4,LmjF28,GFF,http://MicrosporidiaDB.org/common/downloads/Current_Release/OcolligataOC4/gff/data/MicrosporidiaDB-28_OcolligataOC4.gff,28,Ordospora colligata OC4,NA,TRUE,MicrosporidiaDB,Keith Hughitt <khughitt@umd.edu>,TxDb,Rda,LmjF_TxDb.rda
Genome annotations for Plasmodium berghei ANKA,PlasmoDB 28 annotations for Plasmodium berghei ANKA,3.4,LmjF28,GFF,http://PlasmoDB.org/common/downloads/Current_Release/PbergheiANKA/gff/data/PlasmoDB-28_PbergheiANKA.gff,28,Plasmodium berghei ANKA,5823,TRUE,PlasmoDB,Keith Hughitt <khughitt@umd.edu>,TxDb,Rda,LmjF_TxDb.rda
Genome annotations for Plasmodium chabaudi chabaudi,PlasmoDB 28 annotations for Plasmodium chabaudi chabaudi,3.4,LmjF28,GFF,http://PlasmoDB.org/common/downloads/Current_Release/Pchabaudichabaudi/gff/data/PlasmoDB-28_Pchabaudichabaudi.gff,28,Plasmodium chabaudi chabaudi,31271,TRUE,PlasmoDB,Keith Hughitt <khughitt@umd.edu>,TxDb,Rda,LmjF_TxDb.rda
Genome annotations for Plasmodium coatneyi Hackeri,PlasmoDB 28 annotations for Plasmodium coatneyi Hackeri,3.4,LmjF28,GFF,http://PlasmoDB.org/common/downloads/Current_Release/PcoatneyiHackeri/gff/data/PlasmoDB-28_PcoatneyiHackeri.gff,28,Plasmodium coatneyi Hackeri,NA,TRUE,PlasmoDB,Keith Hughitt <khughitt@umd.edu>,TxDb,Rda,LmjF_TxDb.rda
Genome annotations for Plasmodium cynomolgi strain B,PlasmoDB 28 annotations for Plasmodium cynomolgi strain B,3.4,LmjF28,GFF,http://PlasmoDB.org/common/downloads/Current_Release/PcynomolgiB/gff/data/PlasmoDB-28_PcynomolgiB.gff,28,Plasmodium cynomolgi strain B,1120755,TRUE,PlasmoDB,Keith Hughitt <khughitt@umd.edu>,TxDb,Rda,LmjF_TxDb.rda
Genome annotations for Plasmodium falciparum 3D7,PlasmoDB 28 annotations for Plasmodium falciparum 3D7,3.4,LmjF28,GFF,http://PlasmoDB.org/common/downloads/Current_Release/Pfalciparum3D7/gff/data/PlasmoDB-28_Pfalciparum3D7.gff,28,Plasmodium falciparum 3D7,36329,TRUE,PlasmoDB,Keith Hughitt <khughitt@umd.edu>,TxDb,Rda,LmjF_TxDb.rda
Genome annotations for Plasmodium falciparum IT,PlasmoDB 28 annotations for Plasmodium falciparum IT,3.4,LmjF28,GFF,http://PlasmoDB.org/common/downloads/Current_Release/PfalciparumIT/gff/data/PlasmoDB-28_PfalciparumIT.gff,28,Plasmodium falciparum IT,NA,TRUE,PlasmoDB,Keith Hughitt <khughitt@umd.edu>,TxDb,Rda,LmjF_TxDb.rda
Genome annotations for Plasmodium gallinaceum 8A,PlasmoDB 28 annotations for Plasmodium gallinaceum 8A,3.4,LmjF28,GFF,http://PlasmoDB.org/common/downloads/Current_Release/Pgallinaceum8A/gff/data/PlasmoDB-28_Pgallinaceum8A.gff,28,Plasmodium gallinaceum 8A,NA,TRUE,PlasmoDB,Keith Hughitt <khughitt@umd.edu>,TxDb,Rda,LmjF_TxDb.rda
Genome annotations for Plasmodium knowlesi strain H,PlasmoDB 28 annotations for Plasmodium knowlesi strain H,3.4,LmjF28,GFF,http://PlasmoDB.org/common/downloads/Current_Release/PknowlesiH/gff/data/PlasmoDB-28_PknowlesiH.gff,28,Plasmodium knowlesi strain H,5851,TRUE,PlasmoDB,Keith Hughitt <khughitt@umd.edu>,TxDb,Rda,LmjF_TxDb.rda
Genome annotations for Plasmodium reichenowi CDC,PlasmoDB 28 annotations for Plasmodium reichenowi CDC,3.4,LmjF28,GFF,http://PlasmoDB.org/common/downloads/Current_Release/PreichenowiCDC/gff/data/PlasmoDB-28_PreichenowiCDC.gff,28,Plasmodium reichenowi CDC,NA,TRUE,PlasmoDB,Keith Hughitt <khughitt@umd.edu>,TxDb,Rda,LmjF_TxDb.rda
Genome annotations for Plasmodium vivax Sal-1,PlasmoDB 28 annotations for Plasmodium vivax Sal-1,3.4,LmjF28,GFF,http://PlasmoDB.org/common/downloads/Current_Release/PvivaxSal1/gff/data/PlasmoDB-28_PvivaxSal1.gff,28,Plasmodium vivax Sal-1,126793,TRUE,PlasmoDB,Keith Hughitt <khughitt@umd.edu>,TxDb,Rda,LmjF_TxDb.rda
Genome annotations for Plasmodium yoelii yoelii 17X,PlasmoDB 28 annotations for Plasmodium yoelii yoelii 17X,3.4,LmjF28,GFF,http://PlasmoDB.org/common/downloads/Current_Release/Pyoeliiyoelii17X/gff/data/PlasmoDB-28_Pyoeliiyoelii17X.gff,28,Plasmodium yoelii yoelii 17X,NA,TRUE,PlasmoDB,Keith Hughitt <khughitt@umd.edu>,TxDb,Rda,LmjF_TxDb.rda
Genome annotations for Plasmodium yoelii yoelii 17XNL,PlasmoDB 28 annotations for Plasmodium yoelii yoelii 17XNL,3.4,LmjF28,GFF,http://PlasmoDB.org/common/downloads/Current_Release/Pyoeliiyoelii17XNL/gff/data/PlasmoDB-28_Pyoeliiyoelii17XNL.gff,28,Plasmodium yoelii yoelii 17XNL,352914,TRUE,PlasmoDB,Keith Hughitt <khughitt@umd.edu>,TxDb,Rda,LmjF_TxDb.rda
Genome annotations for Plasmodium yoelii yoelii YM,PlasmoDB 28 annotations for Plasmodium yoelii yoelii YM,3.4,LmjF28,GFF,http://PlasmoDB.org/common/downloads/Current_Release/PyoeliiyoeliiYM/gff/data/PlasmoDB-28_PyoeliiyoeliiYM.gff,28,Plasmodium yoelii yoelii YM,NA,TRUE,PlasmoDB,Keith Hughitt <khughitt@umd.edu>,TxDb,Rda,LmjF_TxDb.rda
Genome annotations for Spraguea lophii 42_110,MicrosporidiaDB 28 annotations for Spraguea lophii 42_110,3.4,LmjF28,GFF,http://MicrosporidiaDB.org/common/downloads/Current_Release/Slophii42_110/gff/data/MicrosporidiaDB-28_Slophii42_110.gff,28,Spraguea lophii 42_110,1358809,TRUE,MicrosporidiaDB,Keith Hughitt <khughitt@umd.edu>,TxDb,Rda,LmjF_TxDb.rda
Genome annotations for Sarcocystis neurona SN1,ToxoDB 28 annotations for Sarcocystis neurona SN1,3.4,LmjF28,GFF,http://ToxoDB.org/common/downloads/Current_Release/SneuronaSN1/gff/data/ToxoDB-28_SneuronaSN1.gff,28,Sarcocystis neurona SN1,NA,TRUE,ToxoDB,Keith Hughitt <khughitt@umd.edu>,TxDb,Rda,LmjF_TxDb.rda
Genome annotations for Sarcocystis neurona SN3,ToxoDB 28 annotations for Sarcocystis neurona SN3,3.4,LmjF28,GFF,http://ToxoDB.org/common/downloads/Current_Release/SneuronaSN3/gff/data/ToxoDB-28_SneuronaSN3.gff,28,Sarcocystis neurona SN3,NA,TRUE,ToxoDB,Keith Hughitt <khughitt@umd.edu>,TxDb,Rda,LmjF_TxDb.rda
Genome annotations for Spironucleus salmonicida ATCC50377,GiardiaDB 28 annotations for Spironucleus salmonicida ATCC50377,3.4,LmjF28,GFF,http://GiardiaDB.org/common/downloads/Current_Release/SsalmonicidaATCC50377/gff/data/GiardiaDB-28_SsalmonicidaATCC50377.gff,28,Spironucleus salmonicida ATCC50377,NA,TRUE,GiardiaDB,Keith Hughitt <khughitt@umd.edu>,TxDb,Rda,LmjF_TxDb.rda
Genome annotations for Theileria annulata strain Ankara,PiroplasmaDB 28 annotations for Theileria annulata strain Ankara,3.4,LmjF28,GFF,http://PiroplasmaDB.org/common/downloads/Current_Release/TannulataAnkara/gff/data/PiroplasmaDB-28_TannulataAnkara.gff,28,Theileria annulata strain Ankara,353154,TRUE,PiroplasmaDB,Keith Hughitt <khughitt@umd.edu>,TxDb,Rda,LmjF_TxDb.rda
Genome annotations for Trypanosoma brucei Lister strain 427,TriTrypDB 28 annotations for Trypanosoma brucei Lister strain 427,3.4,LmjF28,GFF,http://TriTrypDB.org/common/downloads/Current_Release/TbruceiLister427/gff/data/TriTrypDB-28_TbruceiLister427.gff,28,Trypanosoma brucei Lister strain 427,NA,TRUE,TriTrypDB,Keith Hughitt <khughitt@umd.edu>,TxDb,Rda,LmjF_TxDb.rda
Genome annotations for Trypanosoma brucei TREU927,TriTrypDB 28 annotations for Trypanosoma brucei TREU927,3.4,LmjF28,GFF,http://TriTrypDB.org/common/downloads/Current_Release/TbruceiTREU927/gff/data/TriTrypDB-28_TbruceiTREU927.gff,28,Trypanosoma brucei TREU927,185431,TRUE,TriTrypDB,Keith Hughitt <khughitt@umd.edu>,TxDb,Rda,LmjF_TxDb.rda
Genome annotations for Trypanosoma brucei gambiense DAL972,TriTrypDB 28 annotations for Trypanosoma brucei gambiense DAL972,3.4,LmjF28,GFF,http://TriTrypDB.org/common/downloads/Current_Release/TbruceigambienseDAL972/gff/data/TriTrypDB-28_TbruceigambienseDAL972.gff,28,Trypanosoma brucei gambiense DAL972,679716,TRUE,TriTrypDB,Keith Hughitt <khughitt@umd.edu>,TxDb,Rda,LmjF_TxDb.rda
Genome annotations for Trypanosoma congolense IL3000,TriTrypDB 28 annotations for Trypanosoma congolense IL3000,3.4,LmjF28,GFF,http://TriTrypDB.org/common/downloads/Current_Release/TcongolenseIL3000/gff/data/TriTrypDB-28_TcongolenseIL3000.gff,28,Trypanosoma congolense IL3000,1068625,TRUE,TriTrypDB,Keith Hughitt <khughitt@umd.edu>,TxDb,Rda,LmjF_TxDb.rda
Genome annotations for Trypanosoma cruzi strain CL Brener,TriTrypDB 28 annotations for Trypanosoma cruzi strain CL Brener,3.4,LmjF28,GFF,http://TriTrypDB.org/common/downloads/Current_Release/TcruziCLBrener/gff/data/TriTrypDB-28_TcruziCLBrener.gff,28,Trypanosoma cruzi strain CL Brener,353153,TRUE,TriTrypDB,Keith Hughitt <khughitt@umd.edu>,TxDb,Rda,LmjF_TxDb.rda
Genome annotations for Trypanosoma cruzi CL Brener Esmeraldo-like,TriTrypDB 28 annotations for Trypanosoma cruzi CL Brener Esmeraldo-like,3.4,LmjF28,GFF,http://TriTrypDB.org/common/downloads/Current_Release/TcruziCLBrenerEsmeraldo-like/gff/data/TriTrypDB-28_TcruziCLBrenerEsmeraldo-like.gff,28,Trypanosoma cruzi CL Brener Esmeraldo-like,NA,TRUE,TriTrypDB,Keith Hughitt <khughitt@umd.edu>,TxDb,Rda,LmjF_TxDb.rda
Genome annotations for Trypanosoma cruzi CL Brener Non-Esmeraldo-like,TriTrypDB 28 annotations for Trypanosoma cruzi CL Brener Non-Esmeraldo-like,3.4,LmjF28,GFF,http://TriTrypDB.org/common/downloads/Current_Release/TcruziCLBrenerNon-Esmeraldo-like/gff/data/TriTrypDB-28_TcruziCLBrenerNon-Esmeraldo-like.gff,28,Trypanosoma cruzi CL Brener Non-Esmeraldo-like,NA,TRUE,TriTrypDB,Keith Hughitt <khughitt@umd.edu>,TxDb,Rda,LmjF_TxDb.rda
Genome annotations for Trypanosoma cruzi Dm28c,TriTrypDB 28 annotations for Trypanosoma cruzi Dm28c,3.4,LmjF28,GFF,http://TriTrypDB.org/common/downloads/Current_Release/TcruziDm28c/gff/data/TriTrypDB-28_TcruziDm28c.gff,28,Trypanosoma cruzi Dm28c,1416333,TRUE,TriTrypDB,Keith Hughitt <khughitt@umd.edu>,TxDb,Rda,LmjF_TxDb.rda
Genome annotations for Trypanosoma cruzi strain Esmeraldo,TriTrypDB 28 annotations for Trypanosoma cruzi strain Esmeraldo,3.4,LmjF28,GFF,http://TriTrypDB.org/common/downloads/Current_Release/TcruziEsmeraldo/gff/data/TriTrypDB-28_TcruziEsmeraldo.gff,28,Trypanosoma cruzi strain Esmeraldo,366581,TRUE,TriTrypDB,Keith Hughitt <khughitt@umd.edu>,TxDb,Rda,LmjF_TxDb.rda
Genome annotations for Trypanosoma cruzi JR cl. 4,TriTrypDB 28 annotations for Trypanosoma cruzi JR cl. 4,3.4,LmjF28,GFF,http://TriTrypDB.org/common/downloads/Current_Release/TcruziJRcl4/gff/data/TriTrypDB-28_TcruziJRcl4.gff,28,Trypanosoma cruzi JR cl. 4,914063,TRUE,TriTrypDB,Keith Hughitt <khughitt@umd.edu>,TxDb,Rda,LmjF_TxDb.rda
Genome annotations for Trypanosoma cruzi Sylvio X10/1,TriTrypDB 28 annotations for Trypanosoma cruzi Sylvio X10/1,3.4,LmjF28,GFF,http://TriTrypDB.org/common/downloads/Current_Release/TcruziSylvioX10-1/gff/data/TriTrypDB-28_TcruziSylvioX10-1.gff,28,Trypanosoma cruzi Sylvio X10/1,NA,TRUE,TriTrypDB,Keith Hughitt <khughitt@umd.edu>,TxDb,Rda,LmjF_TxDb.rda
Genome annotations for Trypanosoma cruzi Tula cl2,TriTrypDB 28 annotations for Trypanosoma cruzi Tula cl2,3.4,LmjF28,GFF,http://TriTrypDB.org/common/downloads/Current_Release/TcruziTulacl2/gff/data/TriTrypDB-28_TcruziTulacl2.gff,28,Trypanosoma cruzi Tula cl2,1206070,TRUE,TriTrypDB,Keith Hughitt <khughitt@umd.edu>,TxDb,Rda,LmjF_TxDb.rda
Genome annotations for Trypanosoma cruzi marinkellei strain B7,TriTrypDB 28 annotations for Trypanosoma cruzi marinkellei strain B7,3.4,LmjF28,GFF,http://TriTrypDB.org/common/downloads/Current_Release/TcruzimarinkelleiB7/gff/data/TriTrypDB-28_TcruzimarinkelleiB7.gff,28,Trypanosoma cruzi marinkellei strain B7,NA,TRUE,TriTrypDB,Keith Hughitt <khughitt@umd.edu>,TxDb,Rda,LmjF_TxDb.rda
Genome annotations for Theileria equi strain WA,PiroplasmaDB 28 annotations for Theileria equi strain WA,3.4,LmjF28,GFF,http://PiroplasmaDB.org/common/downloads/Current_Release/TequiWA/gff/data/PiroplasmaDB-28_TequiWA.gff,28,Theileria equi strain WA,NA,TRUE,PiroplasmaDB,Keith Hughitt <khughitt@umd.edu>,TxDb,Rda,LmjF_TxDb.rda
Genome annotations for Trypanosoma evansi strain STIB 805,TriTrypDB 28 annotations for Trypanosoma evansi strain STIB 805,3.4,LmjF28,GFF,http://TriTrypDB.org/common/downloads/Current_Release/TevansiSTIB805/gff/data/TriTrypDB-28_TevansiSTIB805.gff,28,Trypanosoma evansi strain STIB 805,NA,TRUE,TriTrypDB,Keith Hughitt <khughitt@umd.edu>,TxDb,Rda,LmjF_TxDb.rda
Genome annotations for Toxoplasma gondii ARI,ToxoDB 28 annotations for Toxoplasma gondii ARI,3.4,LmjF28,GFF,http://ToxoDB.org/common/downloads/Current_Release/TgondiiARI/gff/data/ToxoDB-28_TgondiiARI.gff,28,Toxoplasma gondii ARI,1074872,TRUE,ToxoDB,Keith Hughitt <khughitt@umd.edu>,TxDb,Rda,LmjF_TxDb.rda
Genome annotations for Toxoplasma gondii CAST,ToxoDB 28 annotations for Toxoplasma gondii CAST,3.4,LmjF28,GFF,http://ToxoDB.org/common/downloads/Current_Release/TgondiiCAST/gff/data/ToxoDB-28_TgondiiCAST.gff,28,Toxoplasma gondii CAST,943122,TRUE,ToxoDB,Keith Hughitt <khughitt@umd.edu>,TxDb,Rda,LmjF_TxDb.rda
Genome annotations for Toxoplasma gondii COUG,ToxoDB 28 annotations for Toxoplasma gondii COUG,3.4,LmjF28,GFF,http://ToxoDB.org/common/downloads/Current_Release/TgondiiCOUG/gff/data/ToxoDB-28_TgondiiCOUG.gff,28,Toxoplasma gondii COUG,1074873,TRUE,ToxoDB,Keith Hughitt <khughitt@umd.edu>,TxDb,Rda,LmjF_TxDb.rda
Genome annotations for Toxoplasma gondii CtCo5,ToxoDB 28 annotations for Toxoplasma gondii CtCo5,3.4,LmjF28,GFF,http://ToxoDB.org/common/downloads/Current_Release/TgondiiCtCo5/gff/data/ToxoDB-28_TgondiiCtCo5.gff,28,Toxoplasma gondii CtCo5,1194599,TRUE,ToxoDB,Keith Hughitt <khughitt@umd.edu>,TxDb,Rda,LmjF_TxDb.rda
Genome annotations for Toxoplasma gondii FOU,ToxoDB 28 annotations for Toxoplasma gondii FOU,3.4,LmjF28,GFF,http://ToxoDB.org/common/downloads/Current_Release/TgondiiFOU/gff/data/ToxoDB-28_TgondiiFOU.gff,28,Toxoplasma gondii FOU,943167,TRUE,ToxoDB,Keith Hughitt <khughitt@umd.edu>,TxDb,Rda,LmjF_TxDb.rda
Genome annotations for Toxoplasma gondii GAB2-2007-GAL-DOM2,ToxoDB 28 annotations for Toxoplasma gondii GAB2-2007-GAL-DOM2,3.4,LmjF28,GFF,http://ToxoDB.org/common/downloads/Current_Release/TgondiiGAB2-2007-GAL-DOM2/gff/data/ToxoDB-28_TgondiiGAB2-2007-GAL-DOM2.gff,28,Toxoplasma gondii GAB2-2007-GAL-DOM2,1130820,TRUE,ToxoDB,Keith Hughitt <khughitt@umd.edu>,TxDb,Rda,LmjF_TxDb.rda
Genome annotations for Toxoplasma gondii GT1,ToxoDB 28 annotations for Toxoplasma gondii GT1,3.4,LmjF28,GFF,http://ToxoDB.org/common/downloads/Current_Release/TgondiiGT1/gff/data/ToxoDB-28_TgondiiGT1.gff,28,Toxoplasma gondii GT1,507601,TRUE,ToxoDB,Keith Hughitt <khughitt@umd.edu>,TxDb,Rda,LmjF_TxDb.rda
Genome annotations for Toxoplasma gondii MAS,ToxoDB 28 annotations for Toxoplasma gondii MAS,3.4,LmjF28,GFF,http://ToxoDB.org/common/downloads/Current_Release/TgondiiMAS/gff/data/ToxoDB-28_TgondiiMAS.gff,28,Toxoplasma gondii MAS,943118,TRUE,ToxoDB,Keith Hughitt <khughitt@umd.edu>,TxDb,Rda,LmjF_TxDb.rda
Genome annotations for Toxoplasma gondii ME49,ToxoDB 28 annotations for Toxoplasma gondii ME49,3.4,LmjF28,GFF,http://ToxoDB.org/common/downloads/Current_Release/TgondiiME49/gff/data/ToxoDB-28_TgondiiME49.gff,28,Toxoplasma gondii ME49,508771,TRUE,ToxoDB,Keith Hughitt <khughitt@umd.edu>,TxDb,Rda,LmjF_TxDb.rda
Genome annotations for Toxoplasma gondii RH,ToxoDB 28 annotations for Toxoplasma gondii RH,3.4,LmjF28,GFF,http://ToxoDB.org/common/downloads/Current_Release/TgondiiRH/gff/data/ToxoDB-28_TgondiiRH.gff,28,Toxoplasma gondii RH,383379,TRUE,ToxoDB,Keith Hughitt <khughitt@umd.edu>,TxDb,Rda,LmjF_TxDb.rda
Genome annotations for Toxoplasma gondii RUB,ToxoDB 28 annotations for Toxoplasma gondii RUB,3.4,LmjF28,GFF,http://ToxoDB.org/common/downloads/Current_Release/TgondiiRUB/gff/data/ToxoDB-28_TgondiiRUB.gff,28,Toxoplasma gondii RUB,935652,TRUE,ToxoDB,Keith Hughitt <khughitt@umd.edu>,TxDb,Rda,LmjF_TxDb.rda
Genome annotations for Toxoplasma gondii TgCATBr5,ToxoDB 28 annotations for Toxoplasma gondii TgCATBr5,3.4,LmjF28,GFF,http://ToxoDB.org/common/downloads/Current_Release/TgondiiTgCATBr5/gff/data/ToxoDB-28_TgondiiTgCATBr5.gff,28,Toxoplasma gondii TgCATBr5,943121,TRUE,ToxoDB,Keith Hughitt <khughitt@umd.edu>,TxDb,Rda,LmjF_TxDb.rda
Genome annotations for Toxoplasma gondii TgCATBr9,ToxoDB 28 annotations for Toxoplasma gondii TgCATBr9,3.4,LmjF28,GFF,http://ToxoDB.org/common/downloads/Current_Release/TgondiiTgCATBr9/gff/data/ToxoDB-28_TgondiiTgCATBr9.gff,28,Toxoplasma gondii TgCATBr9,943120,TRUE,ToxoDB,Keith Hughitt <khughitt@umd.edu>,TxDb,Rda,LmjF_TxDb.rda
Genome annotations for Toxoplasma gondii TgCatPRC2,ToxoDB 28 annotations for Toxoplasma gondii TgCatPRC2,3.4,LmjF28,GFF,http://ToxoDB.org/common/downloads/Current_Release/TgondiiTgCatPRC2/gff/data/ToxoDB-28_TgondiiTgCatPRC2.gff,28,Toxoplasma gondii TgCatPRC2,1130821,TRUE,ToxoDB,Keith Hughitt <khughitt@umd.edu>,TxDb,Rda,LmjF_TxDb.rda
Genome annotations for Toxoplasma gondii TgCkUg2,ToxoDB 28 annotations for Toxoplasma gondii TgCkUg2,3.4,LmjF28,GFF,http://ToxoDB.org/common/downloads/Current_Release/TgondiiTgCkUg2/gff/data/ToxoDB-28_TgondiiTgCkUg2.gff,28,Toxoplasma gondii TgCkUg2,NA,TRUE,ToxoDB,Keith Hughitt <khughitt@umd.edu>,TxDb,Rda,LmjF_TxDb.rda
Genome annotations for Toxoplasma gondii VAND,ToxoDB 28 annotations for Toxoplasma gondii VAND,3.4,LmjF28,GFF,http://ToxoDB.org/common/downloads/Current_Release/TgondiiVAND/gff/data/ToxoDB-28_TgondiiVAND.gff,28,Toxoplasma gondii VAND,933077,TRUE,ToxoDB,Keith Hughitt <khughitt@umd.edu>,TxDb,Rda,LmjF_TxDb.rda
Genome annotations for Toxoplasma gondii VEG,ToxoDB 28 annotations for Toxoplasma gondii VEG,3.4,LmjF28,GFF,http://ToxoDB.org/common/downloads/Current_Release/TgondiiVEG/gff/data/ToxoDB-28_TgondiiVEG.gff,28,Toxoplasma gondii VEG,432359,TRUE,ToxoDB,Keith Hughitt <khughitt@umd.edu>,TxDb,Rda,LmjF_TxDb.rda
Genome annotations for Toxoplasma gondii p89,ToxoDB 28 annotations for Toxoplasma gondii p89,3.4,LmjF28,GFF,http://ToxoDB.org/common/downloads/Current_Release/Tgondiip89/gff/data/ToxoDB-28_Tgondiip89.gff,28,Toxoplasma gondii p89,943119,TRUE,ToxoDB,Keith Hughitt <khughitt@umd.edu>,TxDb,Rda,LmjF_TxDb.rda
Genome annotations for Trypanosoma grayi ANR4,TriTrypDB 28 annotations for Trypanosoma grayi ANR4,3.4,LmjF28,GFF,http://TriTrypDB.org/common/downloads/Current_Release/TgrayiANR4/gff/data/TriTrypDB-28_TgrayiANR4.gff,28,Trypanosoma grayi ANR4,NA,TRUE,TriTrypDB,Keith Hughitt <khughitt@umd.edu>,TxDb,Rda,LmjF_TxDb.rda
Genome annotations for Trachipleistophora hominis Unknown strain,MicrosporidiaDB 28 annotations for Trachipleistophora hominis Unknown strain,3.4,LmjF28,GFF,http://MicrosporidiaDB.org/common/downloads/Current_Release/ThominisUnknown/gff/data/MicrosporidiaDB-28_ThominisUnknown.gff,28,Trachipleistophora hominis Unknown strain,NA,TRUE,MicrosporidiaDB,Keith Hughitt <khughitt@umd.edu>,TxDb,Rda,LmjF_TxDb.rda
Genome annotations for Theileria orientalis strain Shintoku,PiroplasmaDB 28 annotations for Theileria orientalis strain Shintoku,3.4,LmjF28,GFF,http://PiroplasmaDB.org/common/downloads/Current_Release/TorientalisShintoku/gff/data/PiroplasmaDB-28_TorientalisShintoku.gff,28,Theileria orientalis strain Shintoku,869250,TRUE,PiroplasmaDB,Keith Hughitt <khughitt@umd.edu>,TxDb,Rda,LmjF_TxDb.rda
Genome annotations for Theileria parva strain Muguga,PiroplasmaDB 28 annotations for Theileria parva strain Muguga,3.4,LmjF28,GFF,http://PiroplasmaDB.org/common/downloads/Current_Release/TparvaMuguga/gff/data/PiroplasmaDB-28_TparvaMuguga.gff,28,Theileria parva strain Muguga,333668,TRUE,PiroplasmaDB,Keith Hughitt <khughitt@umd.edu>,TxDb,Rda,LmjF_TxDb.rda
Genome annotations for Trypanosoma rangeli SC58,TriTrypDB 28 annotations for Trypanosoma rangeli SC58,3.4,LmjF28,GFF,http://TriTrypDB.org/common/downloads/Current_Release/TrangeliSC58/gff/data/TriTrypDB-28_TrangeliSC58.gff,28,Trypanosoma rangeli SC58,429131,TRUE,TriTrypDB,Keith Hughitt <khughitt@umd.edu>,TxDb,Rda,LmjF_TxDb.rda
Genome annotations for Trichomonas vaginalis G3,TrichDB 28 annotations for Trichomonas vaginalis G3,3.4,LmjF28,GFF,http://TrichDB.org/common/downloads/Current_Release/TvaginalisG3/gff/data/TrichDB-28_TvaginalisG3.gff,28,Trichomonas vaginalis G3,412133,TRUE,TrichDB,Keith Hughitt <khughitt@umd.edu>,TxDb,Rda,LmjF_TxDb.rda
Genome annotations for Trypanosoma vivax Y486,TriTrypDB 28 annotations for Trypanosoma vivax Y486,3.4,LmjF28,GFF,http://TriTrypDB.org/common/downloads/Current_Release/TvivaxY486/gff/data/TriTrypDB-28_TvivaxY486.gff,28,Trypanosoma vivax Y486,1055687,TRUE,TriTrypDB,Keith Hughitt <khughitt@umd.edu>,TxDb,Rda,LmjF_TxDb.rda
Genome annotations for Vitrella brassicaformis CCMP3155,CryptoDB 28 annotations for Vitrella brassicaformis CCMP3155,3.4,LmjF28,GFF,http://CryptoDB.org/common/downloads/Current_Release/VbrassicaformisCCMP3155/gff/data/CryptoDB-28_VbrassicaformisCCMP3155.gff,28,Vitrella brassicaformis CCMP3155,1169540,TRUE,CryptoDB,Keith Hughitt <khughitt@umd.edu>,TxDb,Rda,LmjF_TxDb.rda
Genome annotations for Vittaforma corneae ATCC 50505,MicrosporidiaDB 28 annotations for Vittaforma corneae ATCC 50505,3.4,LmjF28,GFF,http://MicrosporidiaDB.org/common/downloads/Current_Release/VcorneaeATCC50505/gff/data/MicrosporidiaDB-28_VcorneaeATCC50505.gff,28,Vittaforma corneae ATCC 50505,993615,TRUE,MicrosporidiaDB,Keith Hughitt <khughitt@umd.edu>,TxDb,Rda,LmjF_TxDb.rda
Genome annotations for Vavraia culicis floridensis,MicrosporidiaDB 28 annotations for Vavraia culicis floridensis,3.4,LmjF28,GFF,http://MicrosporidiaDB.org/common/downloads/Current_Release/Vculicisfloridensis/gff/data/MicrosporidiaDB-28_Vculicisfloridensis.gff,28,Vavraia culicis floridensis,948595,TRUE,MicrosporidiaDB,Keith Hughitt <khughitt@umd.edu>,TxDb,Rda,LmjF_TxDb.rda
