BiocVersion,Genome,SourceType,SourceUrl,SourceVersion,Species,TaxonomyId,Coordinate_1_based,DataProvider,Maintainer,Title,Description,RDataClass,DispatchClass,ResourceName
3.4,FungiDB-28_Aaculeatus_ATCC16872,GFF,http://FungiDB.org/common/downloads/Current_Release/Aaculeatus_ATCC16872/gff/data/FungiDB-28_Aaculeatus_ATCC16872.gff,28,Aspergillus aculeatus ATCC 16872,690307,TRUE,FungiDB,Keith Hughitt <khughitt@umd.edu>,Genome wide annotations for Aspergillus aculeatus ATCC 16872,FungiDB 28 annotations for Aspergillus aculeatus ATCC 16872,OrgDb,SQLiteFile,org.Aspergillus_aculeatus_ATCC_16872.fungi.db.sqlite
3.4,FungiDB-28_Acandida_2VRR,GFF,http://FungiDB.org/common/downloads/Current_Release/Acandida_2VRR/gff/data/FungiDB-28_Acandida_2VRR.gff,28,Albugo candida 2VRR,911350,TRUE,FungiDB,Keith Hughitt <khughitt@umd.edu>,Genome wide annotations for Albugo candida 2VRR,FungiDB 28 annotations for Albugo candida 2VRR,OrgDb,SQLiteFile,org.Albugo_candida_2VRR.fungi.db.sqlite
3.4,FungiDB-28_Acapsulatus_G186AR,GFF,http://FungiDB.org/common/downloads/Current_Release/Acapsulatus_G186AR/gff/data/FungiDB-28_Acapsulatus_G186AR.gff,28,Ajellomyces capsulatus G186AR,447093,TRUE,FungiDB,Keith Hughitt <khughitt@umd.edu>,Genome wide annotations for Ajellomyces capsulatus G186AR,FungiDB 28 annotations for Ajellomyces capsulatus G186AR,OrgDb,SQLiteFile,org.Ajellomyces_capsulatus_G186AR.fungi.db.sqlite
3.4,FungiDB-28_Acapsulatus_NAm1,GFF,http://FungiDB.org/common/downloads/Current_Release/Acapsulatus_NAm1/gff/data/FungiDB-28_Acapsulatus_NAm1.gff,28,Ajellomyces capsulatus NAm1,339724,TRUE,FungiDB,Keith Hughitt <khughitt@umd.edu>,Genome wide annotations for Ajellomyces capsulatus NAm1,FungiDB 28 annotations for Ajellomyces capsulatus NAm1,OrgDb,SQLiteFile,org.Ajellomyces_capsulatus_NAm1.fungi.db.sqlite
3.4,FungiDB-28_Acarbonarius_ITEM5010,GFF,http://FungiDB.org/common/downloads/Current_Release/Acarbonarius_ITEM5010/gff/data/FungiDB-28_Acarbonarius_ITEM5010.gff,28,Aspergillus carbonarius ITEM 5010,602072,TRUE,FungiDB,Keith Hughitt <khughitt@umd.edu>,Genome wide annotations for Aspergillus carbonarius ITEM 5010,FungiDB 28 annotations for Aspergillus carbonarius ITEM 5010,OrgDb,SQLiteFile,org.Aspergillus_carbonarius_ITEM_5010.fungi.db.sqlite
3.4,FungiDB-28_Aclavatus_NRRL1,GFF,http://FungiDB.org/common/downloads/Current_Release/Aclavatus_NRRL1/gff/data/FungiDB-28_Aclavatus_NRRL1.gff,28,Aspergillus clavatus NRRL 1,344612,TRUE,FungiDB,Keith Hughitt <khughitt@umd.edu>,Genome wide annotations for Aspergillus clavatus NRRL 1,FungiDB 28 annotations for Aspergillus clavatus NRRL 1,OrgDb,SQLiteFile,org.Aspergillus_clavatus_NRRL_1.fungi.db.sqlite
3.4,FungiDB-28_Aflavus_NRRL3357,GFF,http://FungiDB.org/common/downloads/Current_Release/Aflavus_NRRL3357/gff/data/FungiDB-28_Aflavus_NRRL3357.gff,28,Aspergillus flavus NRRL3357,332952,TRUE,FungiDB,Keith Hughitt <khughitt@umd.edu>,Genome wide annotations for Aspergillus flavus NRRL3357,FungiDB 28 annotations for Aspergillus flavus NRRL3357,OrgDb,SQLiteFile,org.Aspergillus_flavus_NRRL3357.fungi.db.sqlite
3.4,FungiDB-28_Afumigatus_Af293,GFF,http://FungiDB.org/common/downloads/Current_Release/Afumigatus_Af293/gff/data/FungiDB-28_Afumigatus_Af293.gff,28,Aspergillus fumigatus Af293,330879,TRUE,FungiDB,Keith Hughitt <khughitt@umd.edu>,Genome wide annotations for Aspergillus fumigatus Af293,FungiDB 28 annotations for Aspergillus fumigatus Af293,OrgDb,SQLiteFile,org.Aspergillus_fumigatus_Af293.fungi.db.sqlite
3.4,FungiDB-28_Alaibachii_Nc14,GFF,http://FungiDB.org/common/downloads/Current_Release/Alaibachii_Nc14/gff/data/FungiDB-28_Alaibachii_Nc14.gff,28,Albugo laibachii Nc14,890382,TRUE,FungiDB,Keith Hughitt <khughitt@umd.edu>,Genome wide annotations for Albugo laibachii Nc14,FungiDB 28 annotations for Albugo laibachii Nc14,OrgDb,SQLiteFile,org.Albugo_laibachii_Nc14.fungi.db.sqlite
3.4,FungiDB-28_Amacrogynus_ATCC38327,GFF,http://FungiDB.org/common/downloads/Current_Release/Amacrogynus_ATCC38327/gff/data/FungiDB-28_Amacrogynus_ATCC38327.gff,28,Allomyces macrogynus ATCC 38327,578462,TRUE,FungiDB,Keith Hughitt <khughitt@umd.edu>,Genome wide annotations for Allomyces macrogynus ATCC 38327,FungiDB 28 annotations for Allomyces macrogynus ATCC 38327,OrgDb,SQLiteFile,org.Allomyces_macrogynus_ATCC_38327.fungi.db.sqlite
3.4,FungiDB-28_Anidulans_FGSCA4,GFF,http://FungiDB.org/common/downloads/Current_Release/Anidulans_FGSCA4/gff/data/FungiDB-28_Anidulans_FGSCA4.gff,28,Aspergillus nidulans FGSC A4,227321,TRUE,FungiDB,Keith Hughitt <khughitt@umd.edu>,Genome wide annotations for Aspergillus nidulans FGSC A4,FungiDB 28 annotations for Aspergillus nidulans FGSC A4,OrgDb,SQLiteFile,org.Aspergillus_nidulans_FGSC_A4.fungi.db.sqlite
3.4,FungiDB-28_Aniger_ATCC1015,GFF,http://FungiDB.org/common/downloads/Current_Release/Aniger_ATCC1015/gff/data/FungiDB-28_Aniger_ATCC1015.gff,28,Aspergillus niger ATCC 1015,380704,TRUE,FungiDB,Keith Hughitt <khughitt@umd.edu>,Genome wide annotations for Aspergillus niger ATCC 1015,FungiDB 28 annotations for Aspergillus niger ATCC 1015,OrgDb,SQLiteFile,org.Aspergillus_niger_ATCC_1015.fungi.db.sqlite
3.4,FungiDB-28_Aniger_CBS513-88,GFF,http://FungiDB.org/common/downloads/Current_Release/Aniger_CBS513-88/gff/data/FungiDB-28_Aniger_CBS513-88.gff,28,Aspergillus niger CBS 513.88,425011,TRUE,FungiDB,Keith Hughitt <khughitt@umd.edu>,Genome wide annotations for Aspergillus niger CBS 513.88,FungiDB 28 annotations for Aspergillus niger CBS 513.88,OrgDb,SQLiteFile,org.Aspergillus_niger_CBS_513.88.fungi.db.sqlite
3.4,FungiDB-28_AoryzaeRIB40,GFF,http://FungiDB.org/common/downloads/Current_Release/AoryzaeRIB40/gff/data/FungiDB-28_AoryzaeRIB40.gff,28,Aspergillus oryzae RIB40,510516,TRUE,FungiDB,Keith Hughitt <khughitt@umd.edu>,Genome wide annotations for Aspergillus oryzae RIB40,FungiDB 28 annotations for Aspergillus oryzae RIB40,OrgDb,SQLiteFile,org.Aspergillus_oryzae_RIB40.fungi.db.sqlite
3.4,FungiDB-28_Aterreus_NIH2624,GFF,http://FungiDB.org/common/downloads/Current_Release/Aterreus_NIH2624/gff/data/FungiDB-28_Aterreus_NIH2624.gff,28,Aspergillus terreus NIH2624,341663,TRUE,FungiDB,Keith Hughitt <khughitt@umd.edu>,Genome wide annotations for Aspergillus terreus NIH2624,FungiDB 28 annotations for Aspergillus terreus NIH2624,OrgDb,SQLiteFile,org.Aspergillus_terreus_NIH2624.fungi.db.sqlite
3.4,FungiDB-28_Bdendrobatidis_JEL423,GFF,http://FungiDB.org/common/downloads/Current_Release/Bdendrobatidis_JEL423/gff/data/FungiDB-28_Bdendrobatidis_JEL423.gff,28,Batrachochytrium dendrobatidis JEL423,403673,TRUE,FungiDB,Keith Hughitt <khughitt@umd.edu>,Genome wide annotations for Batrachochytrium dendrobatidis JEL423,FungiDB 28 annotations for Batrachochytrium dendrobatidis JEL423,OrgDb,SQLiteFile,org.Batrachochytrium_dendrobatidis_JEL423.fungi.db.sqlite
3.4,FungiDB-28_Bfuckeliana_B05-10,GFF,http://FungiDB.org/common/downloads/Current_Release/Bfuckeliana_B05-10/gff/data/FungiDB-28_Bfuckeliana_B05-10.gff,28,Botryotinia fuckeliana B05.10,332648,TRUE,FungiDB,Keith Hughitt <khughitt@umd.edu>,Genome wide annotations for Botryotinia fuckeliana B05.10,FungiDB 28 annotations for Botryotinia fuckeliana B05.10,OrgDb,SQLiteFile,org.Botryotinia_fuckeliana_B05.10.fungi.db.sqlite
3.4,FungiDB-28_Calbicans_SC5314,GFF,http://FungiDB.org/common/downloads/Current_Release/Calbicans_SC5314/gff/data/FungiDB-28_Calbicans_SC5314.gff,28,Candida albicans SC5314,237561,TRUE,FungiDB,Keith Hughitt <khughitt@umd.edu>,Genome wide annotations for Candida albicans SC5314,FungiDB 28 annotations for Candida albicans SC5314,OrgDb,SQLiteFile,org.Candida_albicans_SC5314.fungi.db.sqlite
3.4,FungiDB-28_Ccinerea_okay7-130,GFF,http://FungiDB.org/common/downloads/Current_Release/Ccinerea_okay7-130/gff/data/FungiDB-28_Ccinerea_okay7-130.gff,28,Coprinopsis cinerea okayama7#130,240176,TRUE,FungiDB,Keith Hughitt <khughitt@umd.edu>,Genome wide annotations for Coprinopsis cinerea okayama7#130,FungiDB 28 annotations for Coprinopsis cinerea okayama7#130,OrgDb,SQLiteFile,org.Coprinopsis_cinerea_okayama7#130.fungi.db.sqlite
3.4,FungiDB-28_Cgattii_R265,GFF,http://FungiDB.org/common/downloads/Current_Release/Cgattii_R265/gff/data/FungiDB-28_Cgattii_R265.gff,28,Cryptococcus gattii R265,294750,TRUE,FungiDB,Keith Hughitt <khughitt@umd.edu>,Genome wide annotations for Cryptococcus gattii R265,FungiDB 28 annotations for Cryptococcus gattii R265,OrgDb,SQLiteFile,org.Cryptococcus_gattii_R265.fungi.db.sqlite
3.4,FungiDB-28_Cgattii_WM276,GFF,http://FungiDB.org/common/downloads/Current_Release/Cgattii_WM276/gff/data/FungiDB-28_Cgattii_WM276.gff,28,Cryptococcus gattii WM276,367775,TRUE,FungiDB,Keith Hughitt <khughitt@umd.edu>,Genome wide annotations for Cryptococcus gattii WM276,FungiDB 28 annotations for Cryptococcus gattii WM276,OrgDb,SQLiteFile,org.Cryptococcus_gattii_WM276.fungi.db.sqlite
3.4,FungiDB-28_Cglabrata_CBS138,GFF,http://FungiDB.org/common/downloads/Current_Release/Cglabrata_CBS138/gff/data/FungiDB-28_Cglabrata_CBS138.gff,28,Candida glabrata CBS 138,284593,TRUE,FungiDB,Keith Hughitt <khughitt@umd.edu>,Genome wide annotations for Candida glabrata CBS 138,FungiDB 28 annotations for Candida glabrata CBS 138,OrgDb,SQLiteFile,org.Candida_glabrata_CBS_138.fungi.db.sqlite
3.4,FungiDB-28_Cimmitis_H538-4,GFF,http://FungiDB.org/common/downloads/Current_Release/Cimmitis_H538-4/gff/data/FungiDB-28_Cimmitis_H538-4.gff,28,Coccidioides immitis H538.4,396776,TRUE,FungiDB,Keith Hughitt <khughitt@umd.edu>,Genome wide annotations for Coccidioides immitis H538.4,FungiDB 28 annotations for Coccidioides immitis H538.4,OrgDb,SQLiteFile,org.Coccidioides_immitis_H538.4.fungi.db.sqlite
3.4,FungiDB-28_Cimmitis_RS,GFF,http://FungiDB.org/common/downloads/Current_Release/Cimmitis_RS/gff/data/FungiDB-28_Cimmitis_RS.gff,28,Coccidioides immitis RS,246410,TRUE,FungiDB,Keith Hughitt <khughitt@umd.edu>,Genome wide annotations for Coccidioides immitis RS,FungiDB 28 annotations for Coccidioides immitis RS,OrgDb,SQLiteFile,org.Coccidioides_immitis_RS.fungi.db.sqlite
3.4,FungiDB-28_Cneoformans_B-3501A,GFF,http://FungiDB.org/common/downloads/Current_Release/Cneoformans_B-3501A/gff/data/FungiDB-28_Cneoformans_B-3501A.gff,28,Cryptococcus neoformans var. neoformans B-3501A,283643,TRUE,FungiDB,Keith Hughitt <khughitt@umd.edu>,Genome wide annotations for Cryptococcus neoformans var. neoformans B-3501A,FungiDB 28 annotations for Cryptococcus neoformans var. neoformans B-3501A,OrgDb,SQLiteFile,org.Cryptococcus_neoformans_var._neoformans_B-3501A.fungi.db.sqlite
3.4,FungiDB-28_Cneoformans_H99,GFF,http://FungiDB.org/common/downloads/Current_Release/Cneoformans_H99/gff/data/FungiDB-28_Cneoformans_H99.gff,28,Cryptococcus neoformans var. grubii H99,235443,TRUE,FungiDB,Keith Hughitt <khughitt@umd.edu>,Genome wide annotations for Cryptococcus neoformans var. grubii H99,FungiDB 28 annotations for Cryptococcus neoformans var. grubii H99,OrgDb,SQLiteFile,org.Cryptococcus_neoformans_var._grubii_H99.fungi.db.sqlite
3.4,FungiDB-28_Cneoformans_JEC21,GFF,http://FungiDB.org/common/downloads/Current_Release/Cneoformans_JEC21/gff/data/FungiDB-28_Cneoformans_JEC21.gff,28,Cryptococcus neoformans var. neoformans JEC21,214684,TRUE,FungiDB,Keith Hughitt <khughitt@umd.edu>,Genome wide annotations for Cryptococcus neoformans var. neoformans JEC21,FungiDB 28 annotations for Cryptococcus neoformans var. neoformans JEC21,OrgDb,SQLiteFile,org.Cryptococcus_neoformans_var._neoformans_JEC21.fungi.db.sqlite
3.4,FungiDB-28_Cposadasii_C735deltSOWgp,GFF,http://FungiDB.org/common/downloads/Current_Release/Cposadasii_C735deltSOWgp/gff/data/FungiDB-28_Cposadasii_C735deltSOWgp.gff,28,Coccidioides posadasii C735 delta SOWgp,222929,TRUE,FungiDB,Keith Hughitt <khughitt@umd.edu>,Genome wide annotations for Coccidioides posadasii C735 delta SOWgp,FungiDB 28 annotations for Coccidioides posadasii C735 delta SOWgp,OrgDb,SQLiteFile,org.Coccidioides_posadasii_C735_delta_SOWgp.fungi.db.sqlite
3.4,FungiDB-28_CposadasiiRMSCC3488,GFF,http://FungiDB.org/common/downloads/Current_Release/CposadasiiRMSCC3488/gff/data/FungiDB-28_CposadasiiRMSCC3488.gff,28,Coccidioides posadasii RMSCC 3488,454284,TRUE,FungiDB,Keith Hughitt <khughitt@umd.edu>,Genome wide annotations for Coccidioides posadasii RMSCC 3488,FungiDB 28 annotations for Coccidioides posadasii RMSCC 3488,OrgDb,SQLiteFile,org.Coccidioides_posadasii_RMSCC_3488.fungi.db.sqlite
3.4,FungiDB-28_CposadasiiSilveira,GFF,http://FungiDB.org/common/downloads/Current_Release/CposadasiiSilveira/gff/data/FungiDB-28_CposadasiiSilveira.gff,28,Coccidioides posadasii str. Silveira,443226,TRUE,FungiDB,Keith Hughitt <khughitt@umd.edu>,Genome wide annotations for Coccidioides posadasii str. Silveira,FungiDB 28 annotations for Coccidioides posadasii str. Silveira,OrgDb,SQLiteFile,org.Coccidioides_posadasii_str._Silveira.fungi.db.sqlite
3.4,FungiDB-28_Fgraminearum_PH-1,GFF,http://FungiDB.org/common/downloads/Current_Release/Fgraminearum_PH-1/gff/data/FungiDB-28_Fgraminearum_PH-1.gff,28,Fusarium graminearum PH-1,229533,TRUE,FungiDB,Keith Hughitt <khughitt@umd.edu>,Genome wide annotations for Fusarium graminearum PH-1,FungiDB 28 annotations for Fusarium graminearum PH-1,OrgDb,SQLiteFile,org.Fusarium_graminearum_PH-1.fungi.db.sqlite
3.4,FungiDB-28_Foxysporum_4287,GFF,http://FungiDB.org/common/downloads/Current_Release/Foxysporum_4287/gff/data/FungiDB-28_Foxysporum_4287.gff,28,Fusarium oxysporum f. sp. lycopersici 4287,426428,TRUE,FungiDB,Keith Hughitt <khughitt@umd.edu>,Genome wide annotations for Fusarium oxysporum f. sp. lycopersici 4287,FungiDB 28 annotations for Fusarium oxysporum f. sp. lycopersici 4287,OrgDb,SQLiteFile,org.Fusarium_oxysporum_f._sp._lycopersici_4287.fungi.db.sqlite
3.4,FungiDB-28_Fverticillioides_7600,GFF,http://FungiDB.org/common/downloads/Current_Release/Fverticillioides_7600/gff/data/FungiDB-28_Fverticillioides_7600.gff,28,Fusarium verticillioides 7600,334819,TRUE,FungiDB,Keith Hughitt <khughitt@umd.edu>,Genome wide annotations for Fusarium verticillioides 7600,FungiDB 28 annotations for Fusarium verticillioides 7600,OrgDb,SQLiteFile,org.Fusarium_verticillioides_7600.fungi.db.sqlite
3.4,FungiDB-28_Harabidopsidis_Emoy2,GFF,http://FungiDB.org/common/downloads/Current_Release/Harabidopsidis_Emoy2/gff/data/FungiDB-28_Harabidopsidis_Emoy2.gff,28,Hyaloperonospora arabidopsidis Emoy2,559515,TRUE,FungiDB,Keith Hughitt <khughitt@umd.edu>,Genome wide annotations for Hyaloperonospora arabidopsidis Emoy2,FungiDB 28 annotations for Hyaloperonospora arabidopsidis Emoy2,OrgDb,SQLiteFile,org.Hyaloperonospora_arabidopsidis_Emoy2.fungi.db.sqlite
3.4,FungiDB-28_Mcircinelloides_CBS277-49,GFF,http://FungiDB.org/common/downloads/Current_Release/Mcircinelloides_CBS277-49/gff/data/FungiDB-28_Mcircinelloides_CBS277-49.gff,28,Mucor circinelloides f. lusitanicus CBS 277.49,747725,TRUE,FungiDB,Keith Hughitt <khughitt@umd.edu>,Genome wide annotations for Mucor circinelloides f. lusitanicus CBS 277.49,FungiDB 28 annotations for Mucor circinelloides f. lusitanicus CBS 277.49,OrgDb,SQLiteFile,org.Mucor_circinelloides_f._lusitanicus_CBS_277.49.fungi.db.sqlite
3.4,FungiDB-28_Mglobosa_CBS7966,GFF,http://FungiDB.org/common/downloads/Current_Release/Mglobosa_CBS7966/gff/data/FungiDB-28_Mglobosa_CBS7966.gff,28,Malassezia globosa CBS 7966,425265,TRUE,FungiDB,Keith Hughitt <khughitt@umd.edu>,Genome wide annotations for Malassezia globosa CBS 7966,FungiDB 28 annotations for Malassezia globosa CBS 7966,OrgDb,SQLiteFile,org.Malassezia_globosa_CBS_7966.fungi.db.sqlite
3.4,FungiDB-28_Mlarici-populina_98AG31,GFF,http://FungiDB.org/common/downloads/Current_Release/Mlarici-populina_98AG31/gff/data/FungiDB-28_Mlarici-populina_98AG31.gff,28,Melampsora larici-populina 98AG31,747676,TRUE,FungiDB,Keith Hughitt <khughitt@umd.edu>,Genome wide annotations for Melampsora larici-populina 98AG31,FungiDB 28 annotations for Melampsora larici-populina 98AG31,OrgDb,SQLiteFile,org.Melampsora_larici-populina_98AG31.fungi.db.sqlite
3.4,FungiDB-28_Moryzae_70-15,GFF,http://FungiDB.org/common/downloads/Current_Release/Moryzae_70-15/gff/data/FungiDB-28_Moryzae_70-15.gff,28,Magnaporthe oryzae 70-15,242507,TRUE,FungiDB,Keith Hughitt <khughitt@umd.edu>,Genome wide annotations for Magnaporthe oryzae 70-15,FungiDB 28 annotations for Magnaporthe oryzae 70-15,OrgDb,SQLiteFile,org.Magnaporthe_oryzae_70-15.fungi.db.sqlite
3.4,FungiDB-28_Ncrassa_OR74A,GFF,http://FungiDB.org/common/downloads/Current_Release/Ncrassa_OR74A/gff/data/FungiDB-28_Ncrassa_OR74A.gff,28,Neurospora crassa OR74A,367110,TRUE,FungiDB,Keith Hughitt <khughitt@umd.edu>,Genome wide annotations for Neurospora crassa OR74A,FungiDB 28 annotations for Neurospora crassa OR74A,OrgDb,SQLiteFile,org.Neurospora_crassa_OR74A.fungi.db.sqlite
3.4,FungiDB-28_Ndiscreta_FGSC8579,GFF,http://FungiDB.org/common/downloads/Current_Release/Ndiscreta_FGSC8579/gff/data/FungiDB-28_Ndiscreta_FGSC8579.gff,28,Neurospora discreta FGSC 8579,510953,TRUE,FungiDB,Keith Hughitt <khughitt@umd.edu>,Genome wide annotations for Neurospora discreta FGSC 8579,FungiDB 28 annotations for Neurospora discreta FGSC 8579,OrgDb,SQLiteFile,org.Neurospora_discreta_FGSC_8579.fungi.db.sqlite
3.4,FungiDB-28_Nfischeri_NRRL181,GFF,http://FungiDB.org/common/downloads/Current_Release/Nfischeri_NRRL181/gff/data/FungiDB-28_Nfischeri_NRRL181.gff,28,Neosartorya fischeri NRRL 181,331117,TRUE,FungiDB,Keith Hughitt <khughitt@umd.edu>,Genome wide annotations for Neosartorya fischeri NRRL 181,FungiDB 28 annotations for Neosartorya fischeri NRRL 181,OrgDb,SQLiteFile,org.Neosartorya_fischeri_NRRL_181.fungi.db.sqlite
3.4,FungiDB-28_Ntetrasperma_FGSC2508,GFF,http://FungiDB.org/common/downloads/Current_Release/Ntetrasperma_FGSC2508/gff/data/FungiDB-28_Ntetrasperma_FGSC2508.gff,28,Neurospora tetrasperma FGSC 2508,510951,TRUE,FungiDB,Keith Hughitt <khughitt@umd.edu>,Genome wide annotations for Neurospora tetrasperma FGSC 2508,FungiDB 28 annotations for Neurospora tetrasperma FGSC 2508,OrgDb,SQLiteFile,org.Neurospora_tetrasperma_FGSC_2508.fungi.db.sqlite
3.4,FungiDB-28_Paphanidermatum_DAOMBR444,GFF,http://FungiDB.org/common/downloads/Current_Release/Paphanidermatum_DAOMBR444/gff/data/FungiDB-28_Paphanidermatum_DAOMBR444.gff,28,Pythium aphanidermatum DAOM BR444,1223555,TRUE,FungiDB,Keith Hughitt <khughitt@umd.edu>,Genome wide annotations for Pythium aphanidermatum DAOM BR444,FungiDB 28 annotations for Pythium aphanidermatum DAOM BR444,OrgDb,SQLiteFile,org.Pythium_aphanidermatum_DAOM_BR444.fungi.db.sqlite
3.4,FungiDB-28_Parrhenomanes_ATCC12531,GFF,http://FungiDB.org/common/downloads/Current_Release/Parrhenomanes_ATCC12531/gff/data/FungiDB-28_Parrhenomanes_ATCC12531.gff,28,Pythium arrhenomanes ATCC 12531,1223556,TRUE,FungiDB,Keith Hughitt <khughitt@umd.edu>,Genome wide annotations for Pythium arrhenomanes ATCC 12531,FungiDB 28 annotations for Pythium arrhenomanes ATCC 12531,OrgDb,SQLiteFile,org.Pythium_arrhenomanes_ATCC_12531.fungi.db.sqlite
3.4,FungiDB-28_Pblakesleeanus_NRRL1555-,GFF,http://FungiDB.org/common/downloads/Current_Release/Pblakesleeanus_NRRL1555-/gff/data/FungiDB-28_Pblakesleeanus_NRRL1555-.gff,28,Phycomyces blakesleeanus NRRL 1555(-),763407,TRUE,FungiDB,Keith Hughitt <khughitt@umd.edu>,Genome wide annotations for Phycomyces blakesleeanus NRRL 1555(-),FungiDB 28 annotations for Phycomyces blakesleeanus NRRL 1555(-),OrgDb,SQLiteFile,org.Phycomyces_blakesleeanus_NRRL_1555(-).fungi.db.sqlite
3.4,FungiDB-28_Pcapsici_LT1534,GFF,http://FungiDB.org/common/downloads/Current_Release/Pcapsici_LT1534/gff/data/FungiDB-28_Pcapsici_LT1534.gff,28,Phytophthora capsici LT1534,763924,TRUE,FungiDB,Keith Hughitt <khughitt@umd.edu>,Genome wide annotations for Phytophthora capsici LT1534,FungiDB 28 annotations for Phytophthora capsici LT1534,OrgDb,SQLiteFile,org.Phytophthora_capsici_LT1534.fungi.db.sqlite
3.4,FungiDB-28_Pchrysosporium_RP-78,GFF,http://FungiDB.org/common/downloads/Current_Release/Pchrysosporium_RP-78/gff/data/FungiDB-28_Pchrysosporium_RP-78.gff,28,Phanerochaete chrysosporium RP-78,273507,TRUE,FungiDB,Keith Hughitt <khughitt@umd.edu>,Genome wide annotations for Phanerochaete chrysosporium RP-78,FungiDB 28 annotations for Phanerochaete chrysosporium RP-78,OrgDb,SQLiteFile,org.Phanerochaete_chrysosporium_RP-78.fungi.db.sqlite
3.4,FungiDB-28_Pcinnamomi_CBS144-22,GFF,http://FungiDB.org/common/downloads/Current_Release/Pcinnamomi_CBS144-22/gff/data/FungiDB-28_Pcinnamomi_CBS144-22.gff,28,Phytophthora cinnamomi var. cinnamomi,622258,TRUE,FungiDB,Keith Hughitt <khughitt@umd.edu>,Genome wide annotations for Phytophthora cinnamomi var. cinnamomi,FungiDB 28 annotations for Phytophthora cinnamomi var. cinnamomi,OrgDb,SQLiteFile,org.Phytophthora_cinnamomi_var._cinnamomi.fungi.db.sqlite
3.4,FungiDB-28_Pgraminis_CRL75-36-700-3,GFF,http://FungiDB.org/common/downloads/Current_Release/Pgraminis_CRL75-36-700-3/gff/data/FungiDB-28_Pgraminis_CRL75-36-700-3.gff,28,Puccinia graminis f. sp. tritici CRL 75-36-700-3,418459,TRUE,FungiDB,Keith Hughitt <khughitt@umd.edu>,Genome wide annotations for Puccinia graminis f. sp. tritici CRL 75-36-700-3,FungiDB 28 annotations for Puccinia graminis f. sp. tritici CRL 75-36-700-3,OrgDb,SQLiteFile,org.Puccinia_graminis_f._sp._tritici_CRL_75-36-700-3.fungi.db.sqlite
3.4,FungiDB-28_Pinfestans_T30-4,GFF,http://FungiDB.org/common/downloads/Current_Release/Pinfestans_T30-4/gff/data/FungiDB-28_Pinfestans_T30-4.gff,28,Phytophthora infestans T30-4,403677,TRUE,FungiDB,Keith Hughitt <khughitt@umd.edu>,Genome wide annotations for Phytophthora infestans T30-4,FungiDB 28 annotations for Phytophthora infestans T30-4,OrgDb,SQLiteFile,org.Phytophthora_infestans_T30-4.fungi.db.sqlite
3.4,FungiDB-28_Pirregulare_DAOMBR486,GFF,http://FungiDB.org/common/downloads/Current_Release/Pirregulare_DAOMBR486/gff/data/FungiDB-28_Pirregulare_DAOMBR486.gff,28,Pythium irregulare DAOM BR486,1223557,TRUE,FungiDB,Keith Hughitt <khughitt@umd.edu>,Genome wide annotations for Pythium irregulare DAOM BR486,FungiDB 28 annotations for Pythium irregulare DAOM BR486,OrgDb,SQLiteFile,org.Pythium_irregulare_DAOM_BR486.fungi.db.sqlite
3.4,FungiDB-28_Piwayamai_DAOMBR242034,GFF,http://FungiDB.org/common/downloads/Current_Release/Piwayamai_DAOMBR242034/gff/data/FungiDB-28_Piwayamai_DAOMBR242034.gff,28,Pythium iwayamai DAOM BR242034,1223558,TRUE,FungiDB,Keith Hughitt <khughitt@umd.edu>,Genome wide annotations for Pythium iwayamai DAOM BR242034,FungiDB 28 annotations for Pythium iwayamai DAOM BR242034,OrgDb,SQLiteFile,org.Pythium_iwayamai_DAOM_BR242034.fungi.db.sqlite
3.4,FungiDB-28_Pjirovecii_SE8,GFF,http://FungiDB.org/common/downloads/Current_Release/Pjirovecii_SE8/gff/data/FungiDB-28_Pjirovecii_SE8.gff,28,Pneumocystis jirovecii SE8,1209962,TRUE,FungiDB,Keith Hughitt <khughitt@umd.edu>,Genome wide annotations for Pneumocystis jirovecii SE8,FungiDB 28 annotations for Pneumocystis jirovecii SE8,OrgDb,SQLiteFile,org.Pneumocystis_jirovecii_SE8.fungi.db.sqlite
3.4,FungiDB-28_Pparasitica_INRA-310,GFF,http://FungiDB.org/common/downloads/Current_Release/Pparasitica_INRA-310/gff/data/FungiDB-28_Pparasitica_INRA-310.gff,28,Phytophthora parasitica INRA-310,761204,TRUE,FungiDB,Keith Hughitt <khughitt@umd.edu>,Genome wide annotations for Phytophthora parasitica INRA-310,FungiDB 28 annotations for Phytophthora parasitica INRA-310,OrgDb,SQLiteFile,org.Phytophthora_parasitica_INRA-310.fungi.db.sqlite
3.4,FungiDB-28_Pramorum_Pr-102,GFF,http://FungiDB.org/common/downloads/Current_Release/Pramorum_Pr-102/gff/data/FungiDB-28_Pramorum_Pr-102.gff,28,Phytophthora ramorum,164328,TRUE,FungiDB,Keith Hughitt <khughitt@umd.edu>,Genome wide annotations for Phytophthora ramorum,FungiDB 28 annotations for Phytophthora ramorum,OrgDb,SQLiteFile,org.Phytophthora_ramorum.fungi.db.sqlite
3.4,FungiDB-28_Psojae_P6497,GFF,http://FungiDB.org/common/downloads/Current_Release/Psojae_P6497/gff/data/FungiDB-28_Psojae_P6497.gff,28,Phytophthora sojae,67593,TRUE,FungiDB,Keith Hughitt <khughitt@umd.edu>,Genome wide annotations for Phytophthora sojae,FungiDB 28 annotations for Phytophthora sojae,OrgDb,SQLiteFile,org.Phytophthora_sojae.fungi.db.sqlite
3.4,FungiDB-28_Pultimum_BR650,GFF,http://FungiDB.org/common/downloads/Current_Release/Pultimum_BR650/gff/data/FungiDB-28_Pultimum_BR650.gff,28,Pythium ultimum var. sporangiiferum BR650,1223559,TRUE,FungiDB,Keith Hughitt <khughitt@umd.edu>,Genome wide annotations for Pythium ultimum var. sporangiiferum BR650,FungiDB 28 annotations for Pythium ultimum var. sporangiiferum BR650,OrgDb,SQLiteFile,org.Pythium_ultimum_var._sporangiiferum_BR650.fungi.db.sqlite
3.4,FungiDB-28_Pultimum_DAOMBR144,GFF,http://FungiDB.org/common/downloads/Current_Release/Pultimum_DAOMBR144/gff/data/FungiDB-28_Pultimum_DAOMBR144.gff,28,Pythium ultimum DAOM BR144,431595,TRUE,FungiDB,Keith Hughitt <khughitt@umd.edu>,Genome wide annotations for Pythium ultimum DAOM BR144,FungiDB 28 annotations for Pythium ultimum DAOM BR144,OrgDb,SQLiteFile,org.Pythium_ultimum_DAOM_BR144.fungi.db.sqlite
3.4,FungiDB-28_Pvexans_DAOMBR484,GFF,http://FungiDB.org/common/downloads/Current_Release/Pvexans_DAOMBR484/gff/data/FungiDB-28_Pvexans_DAOMBR484.gff,28,Pythium vexans DAOM BR484,1223560,TRUE,FungiDB,Keith Hughitt <khughitt@umd.edu>,Genome wide annotations for Pythium vexans DAOM BR484,FungiDB 28 annotations for Pythium vexans DAOM BR484,OrgDb,SQLiteFile,org.Pythium_vexans_DAOM_BR484.fungi.db.sqlite
3.4,FungiDB-28_Rdelemar_RA99-880,GFF,http://FungiDB.org/common/downloads/Current_Release/Rdelemar_RA99-880/gff/data/FungiDB-28_Rdelemar_RA99-880.gff,28,Rhizopus delemar RA 99-880,246409,TRUE,FungiDB,Keith Hughitt <khughitt@umd.edu>,Genome wide annotations for Rhizopus delemar RA 99-880,FungiDB 28 annotations for Rhizopus delemar RA 99-880,OrgDb,SQLiteFile,org.Rhizopus_delemar_RA_99-880.fungi.db.sqlite
3.4,FungiDB-28_Scerevisiae_S288c,GFF,http://FungiDB.org/common/downloads/Current_Release/Scerevisiae_S288c/gff/data/FungiDB-28_Scerevisiae_S288c.gff,28,Saccharomyces cerevisiae S288c,559292,TRUE,FungiDB,Keith Hughitt <khughitt@umd.edu>,Genome wide annotations for Saccharomyces cerevisiae S288c,FungiDB 28 annotations for Saccharomyces cerevisiae S288c,OrgDb,SQLiteFile,org.Saccharomyces_cerevisiae_S288c.fungi.db.sqlite
3.4,FungiDB-28_Sdiclina_VS20,GFF,http://FungiDB.org/common/downloads/Current_Release/Sdiclina_VS20/gff/data/FungiDB-28_Sdiclina_VS20.gff,28,Saprolegnia diclina VS20,1156394,TRUE,FungiDB,Keith Hughitt <khughitt@umd.edu>,Genome wide annotations for Saprolegnia diclina VS20,FungiDB 28 annotations for Saprolegnia diclina VS20,OrgDb,SQLiteFile,org.Saprolegnia_diclina_VS20.fungi.db.sqlite
3.4,FungiDB-28_Sjaponicus_yFS275,GFF,http://FungiDB.org/common/downloads/Current_Release/Sjaponicus_yFS275/gff/data/FungiDB-28_Sjaponicus_yFS275.gff,28,Schizosaccharomyces japonicus yFS275,402676,TRUE,FungiDB,Keith Hughitt <khughitt@umd.edu>,Genome wide annotations for Schizosaccharomyces japonicus yFS275,FungiDB 28 annotations for Schizosaccharomyces japonicus yFS275,OrgDb,SQLiteFile,org.Schizosaccharomyces_japonicus_yFS275.fungi.db.sqlite
3.4,FungiDB-28_Smacrospora_k-hell,GFF,http://FungiDB.org/common/downloads/Current_Release/Smacrospora_k-hell/gff/data/FungiDB-28_Smacrospora_k-hell.gff,28,Sordaria macrospora k-hell,771870,TRUE,FungiDB,Keith Hughitt <khughitt@umd.edu>,Genome wide annotations for Sordaria macrospora k-hell,FungiDB 28 annotations for Sordaria macrospora k-hell,OrgDb,SQLiteFile,org.Sordaria_macrospora_k-hell.fungi.db.sqlite
3.4,FungiDB-28_Soctosporus_yFS286,GFF,http://FungiDB.org/common/downloads/Current_Release/Soctosporus_yFS286/gff/data/FungiDB-28_Soctosporus_yFS286.gff,28,Schizosaccharomyces octosporus yFS286,483514,TRUE,FungiDB,Keith Hughitt <khughitt@umd.edu>,Genome wide annotations for Schizosaccharomyces octosporus yFS286,FungiDB 28 annotations for Schizosaccharomyces octosporus yFS286,OrgDb,SQLiteFile,org.Schizosaccharomyces_octosporus_yFS286.fungi.db.sqlite
3.4,FungiDB-28_Sparasitica_CBS223-65,GFF,http://FungiDB.org/common/downloads/Current_Release/Sparasitica_CBS223-65/gff/data/FungiDB-28_Sparasitica_CBS223-65.gff,28,Saprolegnia parasitica CBS 223.65,695850,TRUE,FungiDB,Keith Hughitt <khughitt@umd.edu>,Genome wide annotations for Saprolegnia parasitica CBS 223.65,FungiDB 28 annotations for Saprolegnia parasitica CBS 223.65,OrgDb,SQLiteFile,org.Saprolegnia_parasitica_CBS_223.65.fungi.db.sqlite
3.4,FungiDB-28_Spombe_972h-,GFF,http://FungiDB.org/common/downloads/Current_Release/Spombe_972h-/gff/data/FungiDB-28_Spombe_972h-.gff,28,Schizosaccharomyces pombe 972h-,284812,TRUE,FungiDB,Keith Hughitt <khughitt@umd.edu>,Genome wide annotations for Schizosaccharomyces pombe 972h-,FungiDB 28 annotations for Schizosaccharomyces pombe 972h-,OrgDb,SQLiteFile,org.Schizosaccharomyces_pombe_972h-.fungi.db.sqlite
3.4,FungiDB-28_Spunctatus_DAOMBR117,GFF,http://FungiDB.org/common/downloads/Current_Release/Spunctatus_DAOMBR117/gff/data/FungiDB-28_Spunctatus_DAOMBR117.gff,28,Spizellomyces punctatus DAOM BR117,645134,TRUE,FungiDB,Keith Hughitt <khughitt@umd.edu>,Genome wide annotations for Spizellomyces punctatus DAOM BR117,FungiDB 28 annotations for Spizellomyces punctatus DAOM BR117,OrgDb,SQLiteFile,org.Spizellomyces_punctatus_DAOM_BR117.fungi.db.sqlite
3.4,FungiDB-28_Sreilianum_SRZ2,GFF,http://FungiDB.org/common/downloads/Current_Release/Sreilianum_SRZ2/gff/data/FungiDB-28_Sreilianum_SRZ2.gff,28,Sporisorium reilianum SRZ2,999809,TRUE,FungiDB,Keith Hughitt <khughitt@umd.edu>,Genome wide annotations for Sporisorium reilianum SRZ2,FungiDB 28 annotations for Sporisorium reilianum SRZ2,OrgDb,SQLiteFile,org.Sporisorium_reilianum_SRZ2.fungi.db.sqlite
3.4,FungiDB-28_Ssclerotiorum_1980UF-70,GFF,http://FungiDB.org/common/downloads/Current_Release/Ssclerotiorum_1980UF-70/gff/data/FungiDB-28_Ssclerotiorum_1980UF-70.gff,28,Sclerotinia sclerotiorum 1980 UF-70,665079,TRUE,FungiDB,Keith Hughitt <khughitt@umd.edu>,Genome wide annotations for Sclerotinia sclerotiorum 1980 UF-70,FungiDB 28 annotations for Sclerotinia sclerotiorum 1980 UF-70,OrgDb,SQLiteFile,org.Sclerotinia_sclerotiorum_1980_UF-70.fungi.db.sqlite
3.4,FungiDB-28_Tmarneffei_ATCC18224,GFF,http://FungiDB.org/common/downloads/Current_Release/Tmarneffei_ATCC18224/gff/data/FungiDB-28_Tmarneffei_ATCC18224.gff,28,Talaromyces marneffei ATCC 18224,441960,TRUE,FungiDB,Keith Hughitt <khughitt@umd.edu>,Genome wide annotations for Talaromyces marneffei ATCC 18224,FungiDB 28 annotations for Talaromyces marneffei ATCC 18224,OrgDb,SQLiteFile,org.Talaromyces_marneffei_ATCC_18224.fungi.db.sqlite
3.4,FungiDB-28_Tmesenterica_DSM1558,GFF,http://FungiDB.org/common/downloads/Current_Release/Tmesenterica_DSM1558/gff/data/FungiDB-28_Tmesenterica_DSM1558.gff,28,Tremella mesenterica DSM 1558,578456,TRUE,FungiDB,Keith Hughitt <khughitt@umd.edu>,Genome wide annotations for Tremella mesenterica DSM 1558,FungiDB 28 annotations for Tremella mesenterica DSM 1558,OrgDb,SQLiteFile,org.Tremella_mesenterica_DSM_1558.fungi.db.sqlite
3.4,FungiDB-28_Treesei_QM6a,GFF,http://FungiDB.org/common/downloads/Current_Release/Treesei_QM6a/gff/data/FungiDB-28_Treesei_QM6a.gff,28,Trichoderma reesei QM6a,431241,TRUE,FungiDB,Keith Hughitt <khughitt@umd.edu>,Genome wide annotations for Trichoderma reesei QM6a,FungiDB 28 annotations for Trichoderma reesei QM6a,OrgDb,SQLiteFile,org.Trichoderma_reesei_QM6a.fungi.db.sqlite
3.4,FungiDB-28_Tstipitatus_ATCC10500,GFF,http://FungiDB.org/common/downloads/Current_Release/Tstipitatus_ATCC10500/gff/data/FungiDB-28_Tstipitatus_ATCC10500.gff,28,Talaromyces stipitatus ATCC 10500,441959,TRUE,FungiDB,Keith Hughitt <khughitt@umd.edu>,Genome wide annotations for Talaromyces stipitatus ATCC 10500,FungiDB 28 annotations for Talaromyces stipitatus ATCC 10500,OrgDb,SQLiteFile,org.Talaromyces_stipitatus_ATCC_10500.fungi.db.sqlite
3.4,FungiDB-28_Umaydis_521,GFF,http://FungiDB.org/common/downloads/Current_Release/Umaydis_521/gff/data/FungiDB-28_Umaydis_521.gff,28,Ustilago maydis 521,237631,TRUE,FungiDB,Keith Hughitt <khughitt@umd.edu>,Genome wide annotations for Ustilago maydis 521,FungiDB 28 annotations for Ustilago maydis 521,OrgDb,SQLiteFile,org.Ustilago_maydis_521.fungi.db.sqlite
3.4,FungiDB-28_Ylipolytica_CLIB122,GFF,http://FungiDB.org/common/downloads/Current_Release/Ylipolytica_CLIB122/gff/data/FungiDB-28_Ylipolytica_CLIB122.gff,28,Yarrowia lipolytica CLIB122,284591,TRUE,FungiDB,Keith Hughitt <khughitt@umd.edu>,Genome wide annotations for Yarrowia lipolytica CLIB122,FungiDB 28 annotations for Yarrowia lipolytica CLIB122,OrgDb,SQLiteFile,org.Yarrowia_lipolytica_CLIB122.fungi.db.sqlite
3.4,MicrosporidiaDB-28_AalgeraePRA109,GFF,http://MicrosporidiaDB.org/common/downloads/Current_Release/AalgeraePRA109/gff/data/MicrosporidiaDB-28_AalgeraePRA109.gff,28,Anncaliia algerae PRA109,1240240,TRUE,MicrosporidiaDB,Keith Hughitt <khughitt@umd.edu>,Genome wide annotations for Anncaliia algerae PRA109,MicrosporidiaDB 28 annotations for Anncaliia algerae PRA109,OrgDb,SQLiteFile,org.Anncaliia_algerae_PRA109.microsporidia.db.sqlite
3.4,MicrosporidiaDB-28_AalgeraePRA339,GFF,http://MicrosporidiaDB.org/common/downloads/Current_Release/AalgeraePRA339/gff/data/MicrosporidiaDB-28_AalgeraePRA339.gff,28,Anncaliia algerae PRA339,1288291,TRUE,MicrosporidiaDB,Keith Hughitt <khughitt@umd.edu>,Genome wide annotations for Anncaliia algerae PRA339,MicrosporidiaDB 28 annotations for Anncaliia algerae PRA339,OrgDb,SQLiteFile,org.Anncaliia_algerae_PRA339.microsporidia.db.sqlite
3.4,AmoebaDB-28_AcastellaniiNeff,GFF,http://AmoebaDB.org/common/downloads/Current_Release/AcastellaniiNeff/gff/data/AmoebaDB-28_AcastellaniiNeff.gff,28,Acanthamoeba castellanii str. Neff,1257118,TRUE,AmoebaDB,Keith Hughitt <khughitt@umd.edu>,Genome wide annotations for Acanthamoeba castellanii str. Neff,AmoebaDB 28 annotations for Acanthamoeba castellanii str. Neff,OrgDb,SQLiteFile,org.Acanthamoeba_castellanii_str._Neff.amoeba.db.sqlite
3.4,PiroplasmaDB-28_BbovisT2Bo,GFF,http://PiroplasmaDB.org/common/downloads/Current_Release/BbovisT2Bo/gff/data/PiroplasmaDB-28_BbovisT2Bo.gff,28,Babesia bovis T2Bo,484906,TRUE,PiroplasmaDB,Keith Hughitt <khughitt@umd.edu>,Genome wide annotations for Babesia bovis T2Bo,PiroplasmaDB 28 annotations for Babesia bovis T2Bo,OrgDb,SQLiteFile,org.Babesia_bovis_T2Bo.piroplasma.db.sqlite
3.4,PiroplasmaDB-28_BmicrotiRI,GFF,http://PiroplasmaDB.org/common/downloads/Current_Release/BmicrotiRI/gff/data/PiroplasmaDB-28_BmicrotiRI.gff,28,Babesia microti strain RI,1133968,TRUE,PiroplasmaDB,Keith Hughitt <khughitt@umd.edu>,Genome wide annotations for Babesia microti strain RI,PiroplasmaDB 28 annotations for Babesia microti strain RI,OrgDb,SQLiteFile,org.Babesia_microti_strain_RI.piroplasma.db.sqlite
3.4,CryptoDB-28_ChominisTU502,GFF,http://CryptoDB.org/common/downloads/Current_Release/ChominisTU502/gff/data/CryptoDB-28_ChominisTU502.gff,28,Cryptosporidium hominis TU502,353151,TRUE,CryptoDB,Keith Hughitt <khughitt@umd.edu>,Genome wide annotations for Cryptosporidium hominis TU502,CryptoDB 28 annotations for Cryptosporidium hominis TU502,OrgDb,SQLiteFile,org.Cryptosporidium_hominis_TU502.crypto.db.sqlite
3.4,CryptoDB-28_CmurisRN66,GFF,http://CryptoDB.org/common/downloads/Current_Release/CmurisRN66/gff/data/CryptoDB-28_CmurisRN66.gff,28,Cryptosporidium muris RN66,441375,TRUE,CryptoDB,Keith Hughitt <khughitt@umd.edu>,Genome wide annotations for Cryptosporidium muris RN66,CryptoDB 28 annotations for Cryptosporidium muris RN66,OrgDb,SQLiteFile,org.Cryptosporidium_muris_RN66.crypto.db.sqlite
3.4,CryptoDB-28_CparvumIowaII,GFF,http://CryptoDB.org/common/downloads/Current_Release/CparvumIowaII/gff/data/CryptoDB-28_CparvumIowaII.gff,28,Cryptosporidium parvum Iowa II,353152,TRUE,CryptoDB,Keith Hughitt <khughitt@umd.edu>,Genome wide annotations for Cryptosporidium parvum Iowa II,CryptoDB 28 annotations for Cryptosporidium parvum Iowa II,OrgDb,SQLiteFile,org.Cryptosporidium_parvum_Iowa_II.crypto.db.sqlite
3.4,CryptoDB-28_CveliaCCMP2878,GFF,http://CryptoDB.org/common/downloads/Current_Release/CveliaCCMP2878/gff/data/CryptoDB-28_CveliaCCMP2878.gff,28,Chromera velia CCMP2878,1169474,TRUE,CryptoDB,Keith Hughitt <khughitt@umd.edu>,Genome wide annotations for Chromera velia CCMP2878,CryptoDB 28 annotations for Chromera velia CCMP2878,OrgDb,SQLiteFile,org.Chromera_velia_CCMP2878.crypto.db.sqlite
3.4,MicrosporidiaDB-28_EaedisUSNM41457,GFF,http://MicrosporidiaDB.org/common/downloads/Current_Release/EaedisUSNM41457/gff/data/MicrosporidiaDB-28_EaedisUSNM41457.gff,28,Edhazardia aedis USNM 41457,1003232,TRUE,MicrosporidiaDB,Keith Hughitt <khughitt@umd.edu>,Genome wide annotations for Edhazardia aedis USNM 41457,MicrosporidiaDB 28 annotations for Edhazardia aedis USNM 41457,OrgDb,SQLiteFile,org.Edhazardia_aedis_USNM_41457.microsporidia.db.sqlite
3.4,MicrosporidiaDB-28_EbieneusiH348,GFF,http://MicrosporidiaDB.org/common/downloads/Current_Release/EbieneusiH348/gff/data/MicrosporidiaDB-28_EbieneusiH348.gff,28,Enterocytozoon bieneusi H348,481877,TRUE,MicrosporidiaDB,Keith Hughitt <khughitt@umd.edu>,Genome wide annotations for Enterocytozoon bieneusi H348,MicrosporidiaDB 28 annotations for Enterocytozoon bieneusi H348,OrgDb,SQLiteFile,org.Enterocytozoon_bieneusi_H348.microsporidia.db.sqlite
3.4,MicrosporidiaDB-28_EcuniculiEC1,GFF,http://MicrosporidiaDB.org/common/downloads/Current_Release/EcuniculiEC1/gff/data/MicrosporidiaDB-28_EcuniculiEC1.gff,28,Encephalitozoon cuniculi EC1,986730,TRUE,MicrosporidiaDB,Keith Hughitt <khughitt@umd.edu>,Genome wide annotations for Encephalitozoon cuniculi EC1,MicrosporidiaDB 28 annotations for Encephalitozoon cuniculi EC1,OrgDb,SQLiteFile,org.Encephalitozoon_cuniculi_EC1.microsporidia.db.sqlite
3.4,MicrosporidiaDB-28_EcuniculiEC2,GFF,http://MicrosporidiaDB.org/common/downloads/Current_Release/EcuniculiEC2/gff/data/MicrosporidiaDB-28_EcuniculiEC2.gff,28,Encephalitozoon cuniculi EC2,989654,TRUE,MicrosporidiaDB,Keith Hughitt <khughitt@umd.edu>,Genome wide annotations for Encephalitozoon cuniculi EC2,MicrosporidiaDB 28 annotations for Encephalitozoon cuniculi EC2,OrgDb,SQLiteFile,org.Encephalitozoon_cuniculi_EC2.microsporidia.db.sqlite
3.4,MicrosporidiaDB-28_EcuniculiEC3,GFF,http://MicrosporidiaDB.org/common/downloads/Current_Release/EcuniculiEC3/gff/data/MicrosporidiaDB-28_EcuniculiEC3.gff,28,Encephalitozoon cuniculi EC3,989655,TRUE,MicrosporidiaDB,Keith Hughitt <khughitt@umd.edu>,Genome wide annotations for Encephalitozoon cuniculi EC3,MicrosporidiaDB 28 annotations for Encephalitozoon cuniculi EC3,OrgDb,SQLiteFile,org.Encephalitozoon_cuniculi_EC3.microsporidia.db.sqlite
3.4,MicrosporidiaDB-28_EcuniculiGBM1,GFF,http://MicrosporidiaDB.org/common/downloads/Current_Release/EcuniculiGBM1/gff/data/MicrosporidiaDB-28_EcuniculiGBM1.gff,28,Encephalitozoon cuniculi GB-M1,284813,TRUE,MicrosporidiaDB,Keith Hughitt <khughitt@umd.edu>,Genome wide annotations for Encephalitozoon cuniculi GB-M1,MicrosporidiaDB 28 annotations for Encephalitozoon cuniculi GB-M1,OrgDb,SQLiteFile,org.Encephalitozoon_cuniculi_GB-M1.microsporidia.db.sqlite
3.4,AmoebaDB-28_EdisparSAW760,GFF,http://AmoebaDB.org/common/downloads/Current_Release/EdisparSAW760/gff/data/AmoebaDB-28_EdisparSAW760.gff,28,Entamoeba dispar SAW760,370354,TRUE,AmoebaDB,Keith Hughitt <khughitt@umd.edu>,Genome wide annotations for Entamoeba dispar SAW760,AmoebaDB 28 annotations for Entamoeba dispar SAW760,OrgDb,SQLiteFile,org.Entamoeba_dispar_SAW760.amoeba.db.sqlite
3.4,MicrosporidiaDB-28_EhellemATCC50504,GFF,http://MicrosporidiaDB.org/common/downloads/Current_Release/EhellemATCC50504/gff/data/MicrosporidiaDB-28_EhellemATCC50504.gff,28,Encephalitozoon hellem ATCC 50504,907965,TRUE,MicrosporidiaDB,Keith Hughitt <khughitt@umd.edu>,Genome wide annotations for Encephalitozoon hellem ATCC 50504,MicrosporidiaDB 28 annotations for Encephalitozoon hellem ATCC 50504,OrgDb,SQLiteFile,org.Encephalitozoon_hellem_ATCC_50504.microsporidia.db.sqlite
3.4,AmoebaDB-28_EhistolyticaHM1IMSS,GFF,http://AmoebaDB.org/common/downloads/Current_Release/EhistolyticaHM1IMSS/gff/data/AmoebaDB-28_EhistolyticaHM1IMSS.gff,28,Entamoeba histolytica HM-1:IMSS,294381,TRUE,AmoebaDB,Keith Hughitt <khughitt@umd.edu>,Genome wide annotations for Entamoeba histolytica HM-1:IMSS,AmoebaDB 28 annotations for Entamoeba histolytica HM-1:IMSS,OrgDb,SQLiteFile,org.Entamoeba_histolytica_HM-1:IMSS.amoeba.db.sqlite
3.4,AmoebaDB-28_EhistolyticaHM1IMSS-A,GFF,http://AmoebaDB.org/common/downloads/Current_Release/EhistolyticaHM1IMSS-A/gff/data/AmoebaDB-28_EhistolyticaHM1IMSS-A.gff,28,Entamoeba histolytica HM-1:IMSS-A,885318,TRUE,AmoebaDB,Keith Hughitt <khughitt@umd.edu>,Genome wide annotations for Entamoeba histolytica HM-1:IMSS-A,AmoebaDB 28 annotations for Entamoeba histolytica HM-1:IMSS-A,OrgDb,SQLiteFile,org.Entamoeba_histolytica_HM-1:IMSS-A.amoeba.db.sqlite
3.4,AmoebaDB-28_EhistolyticaHM1IMSS-B,GFF,http://AmoebaDB.org/common/downloads/Current_Release/EhistolyticaHM1IMSS-B/gff/data/AmoebaDB-28_EhistolyticaHM1IMSS-B.gff,28,Entamoeba histolytica HM-1:IMSS-B,885319,TRUE,AmoebaDB,Keith Hughitt <khughitt@umd.edu>,Genome wide annotations for Entamoeba histolytica HM-1:IMSS-B,AmoebaDB 28 annotations for Entamoeba histolytica HM-1:IMSS-B,OrgDb,SQLiteFile,org.Entamoeba_histolytica_HM-1:IMSS-B.amoeba.db.sqlite
3.4,AmoebaDB-28_EhistolyticaHM3IMSS,GFF,http://AmoebaDB.org/common/downloads/Current_Release/EhistolyticaHM3IMSS/gff/data/AmoebaDB-28_EhistolyticaHM3IMSS.gff,28,Entamoeba histolytica HM-3:IMSS,885315,TRUE,AmoebaDB,Keith Hughitt <khughitt@umd.edu>,Genome wide annotations for Entamoeba histolytica HM-3:IMSS,AmoebaDB 28 annotations for Entamoeba histolytica HM-3:IMSS,OrgDb,SQLiteFile,org.Entamoeba_histolytica_HM-3:IMSS.amoeba.db.sqlite
3.4,AmoebaDB-28_EhistolyticaKU27,GFF,http://AmoebaDB.org/common/downloads/Current_Release/EhistolyticaKU27/gff/data/AmoebaDB-28_EhistolyticaKU27.gff,28,Entamoeba histolytica KU27,885311,TRUE,AmoebaDB,Keith Hughitt <khughitt@umd.edu>,Genome wide annotations for Entamoeba histolytica KU27,AmoebaDB 28 annotations for Entamoeba histolytica KU27,OrgDb,SQLiteFile,org.Entamoeba_histolytica_KU27.amoeba.db.sqlite
3.4,MicrosporidiaDB-28_EintestinalisATCC50506,GFF,http://MicrosporidiaDB.org/common/downloads/Current_Release/EintestinalisATCC50506/gff/data/MicrosporidiaDB-28_EintestinalisATCC50506.gff,28,Encephalitozoon intestinalis ATCC 50506,876142,TRUE,MicrosporidiaDB,Keith Hughitt <khughitt@umd.edu>,Genome wide annotations for Encephalitozoon intestinalis ATCC 50506,MicrosporidiaDB 28 annotations for Encephalitozoon intestinalis ATCC 50506,OrgDb,SQLiteFile,org.Encephalitozoon_intestinalis_ATCC_50506.microsporidia.db.sqlite
3.4,AmoebaDB-28_EinvadensIP1,GFF,http://AmoebaDB.org/common/downloads/Current_Release/EinvadensIP1/gff/data/AmoebaDB-28_EinvadensIP1.gff,28,Entamoeba invadens IP1,370355,TRUE,AmoebaDB,Keith Hughitt <khughitt@umd.edu>,Genome wide annotations for Entamoeba invadens IP1,AmoebaDB 28 annotations for Entamoeba invadens IP1,OrgDb,SQLiteFile,org.Entamoeba_invadens_IP1.amoeba.db.sqlite
3.4,AmoebaDB-28_EnuttalliP19,GFF,http://AmoebaDB.org/common/downloads/Current_Release/EnuttalliP19/gff/data/AmoebaDB-28_EnuttalliP19.gff,28,Entamoeba nuttalli P19,1076696,TRUE,AmoebaDB,Keith Hughitt <khughitt@umd.edu>,Genome wide annotations for Entamoeba nuttalli P19,AmoebaDB 28 annotations for Entamoeba nuttalli P19,OrgDb,SQLiteFile,org.Entamoeba_nuttalli_P19.amoeba.db.sqlite
3.4,MicrosporidiaDB-28_EromaleaeSJ2008,GFF,http://MicrosporidiaDB.org/common/downloads/Current_Release/EromaleaeSJ2008/gff/data/MicrosporidiaDB-28_EromaleaeSJ2008.gff,28,Encephalitozoon romaleae SJ-2008,1178016,TRUE,MicrosporidiaDB,Keith Hughitt <khughitt@umd.edu>,Genome wide annotations for Encephalitozoon romaleae SJ-2008,MicrosporidiaDB 28 annotations for Encephalitozoon romaleae SJ-2008,OrgDb,SQLiteFile,org.Encephalitozoon_romaleae_SJ-2008.microsporidia.db.sqlite
3.4,ToxoDB-28_EtenellaHoughton,GFF,http://ToxoDB.org/common/downloads/Current_Release/EtenellaHoughton/gff/data/ToxoDB-28_EtenellaHoughton.gff,28,Eimeria tenella strain Houghton,413949,TRUE,ToxoDB,Keith Hughitt <khughitt@umd.edu>,Genome wide annotations for Eimeria tenella strain Houghton,ToxoDB 28 annotations for Eimeria tenella strain Houghton,OrgDb,SQLiteFile,org.Eimeria_tenella_strain_Houghton.toxo.db.sqlite
3.4,GiardiaDB-28_GintestinalisAssemblageA,GFF,http://GiardiaDB.org/common/downloads/Current_Release/GintestinalisAssemblageA/gff/data/GiardiaDB-28_GintestinalisAssemblageA.gff,28,Giardia Assemblage A isolate WB,184922,TRUE,GiardiaDB,Keith Hughitt <khughitt@umd.edu>,Genome wide annotations for Giardia Assemblage A isolate WB,GiardiaDB 28 annotations for Giardia Assemblage A isolate WB,OrgDb,SQLiteFile,org.Giardia_Assemblage_A_isolate_WB.giardia.db.sqlite
3.4,GiardiaDB-28_GintestinalisAssemblageB,GFF,http://GiardiaDB.org/common/downloads/Current_Release/GintestinalisAssemblageB/gff/data/GiardiaDB-28_GintestinalisAssemblageB.gff,28,Giardia Assemblage B isolate GS,598745,TRUE,GiardiaDB,Keith Hughitt <khughitt@umd.edu>,Genome wide annotations for Giardia Assemblage B isolate GS,GiardiaDB 28 annotations for Giardia Assemblage B isolate GS,OrgDb,SQLiteFile,org.Giardia_Assemblage_B_isolate_GS.giardia.db.sqlite
3.4,GiardiaDB-28_GintestinalisAssemblageE,GFF,http://GiardiaDB.org/common/downloads/Current_Release/GintestinalisAssemblageE/gff/data/GiardiaDB-28_GintestinalisAssemblageE.gff,28,Giardia Assemblage E isolate P15,658858,TRUE,GiardiaDB,Keith Hughitt <khughitt@umd.edu>,Genome wide annotations for Giardia Assemblage E isolate P15,GiardiaDB 28 annotations for Giardia Assemblage E isolate P15,OrgDb,SQLiteFile,org.Giardia_Assemblage_E_isolate_P15.giardia.db.sqlite
3.4,TriTrypDB-28_LaethiopicaL147,GFF,http://TriTrypDB.org/common/downloads/Current_Release/LaethiopicaL147/gff/data/TriTrypDB-28_LaethiopicaL147.gff,28,Leishmania aethiopica L147,1206056,TRUE,TriTrypDB,Keith Hughitt <khughitt@umd.edu>,Genome wide annotations for Leishmania aethiopica L147,TriTrypDB 28 annotations for Leishmania aethiopica L147,OrgDb,SQLiteFile,org.Leishmania_aethiopica_L147.tritryp.db.sqlite
3.4,TriTrypDB-28_LbraziliensisMHOMBR75M2903,GFF,http://TriTrypDB.org/common/downloads/Current_Release/LbraziliensisMHOMBR75M2903/gff/data/TriTrypDB-28_LbraziliensisMHOMBR75M2903.gff,28,Leishmania braziliensis MHOM/BR/75/M2903,1295825,TRUE,TriTrypDB,Keith Hughitt <khughitt@umd.edu>,Genome wide annotations for Leishmania braziliensis MHOM/BR/75/M2903,TriTrypDB 28 annotations for Leishmania braziliensis MHOM/BR/75/M2903,OrgDb,SQLiteFile,org.Leishmania_braziliensis_MHOM/BR/75/M2903.tritryp.db.sqlite
3.4,TriTrypDB-28_LbraziliensisMHOMBR75M2904,GFF,http://TriTrypDB.org/common/downloads/Current_Release/LbraziliensisMHOMBR75M2904/gff/data/TriTrypDB-28_LbraziliensisMHOMBR75M2904.gff,28,Leishmania braziliensis MHOM/BR/75/M2904,420245,TRUE,TriTrypDB,Keith Hughitt <khughitt@umd.edu>,Genome wide annotations for Leishmania braziliensis MHOM/BR/75/M2904,TriTrypDB 28 annotations for Leishmania braziliensis MHOM/BR/75/M2904,OrgDb,SQLiteFile,org.Leishmania_braziliensis_MHOM/BR/75/M2904.tritryp.db.sqlite
3.4,TriTrypDB-28_LdonovaniBPK282A1,GFF,http://TriTrypDB.org/common/downloads/Current_Release/LdonovaniBPK282A1/gff/data/TriTrypDB-28_LdonovaniBPK282A1.gff,28,Leishmania donovani BPK282A1,981087,TRUE,TriTrypDB,Keith Hughitt <khughitt@umd.edu>,Genome wide annotations for Leishmania donovani BPK282A1,TriTrypDB 28 annotations for Leishmania donovani BPK282A1,OrgDb,SQLiteFile,org.Leishmania_donovani_BPK282A1.tritryp.db.sqlite
3.4,TriTrypDB-28_LinfantumJPCM5,GFF,http://TriTrypDB.org/common/downloads/Current_Release/LinfantumJPCM5/gff/data/TriTrypDB-28_LinfantumJPCM5.gff,28,Leishmania infantum JPCM5,435258,TRUE,TriTrypDB,Keith Hughitt <khughitt@umd.edu>,Genome wide annotations for Leishmania infantum JPCM5,TriTrypDB 28 annotations for Leishmania infantum JPCM5,OrgDb,SQLiteFile,org.Leishmania_infantum_JPCM5.tritryp.db.sqlite
3.4,TriTrypDB-28_LmajorFriedlin,GFF,http://TriTrypDB.org/common/downloads/Current_Release/LmajorFriedlin/gff/data/TriTrypDB-28_LmajorFriedlin.gff,28,Leishmania major strain Friedlin,347515,TRUE,TriTrypDB,Keith Hughitt <khughitt@umd.edu>,Genome wide annotations for Leishmania major strain Friedlin,TriTrypDB 28 annotations for Leishmania major strain Friedlin,OrgDb,SQLiteFile,org.Leishmania_major_strain_Friedlin.tritryp.db.sqlite
3.4,TriTrypDB-28_LmajorLV39c5,GFF,http://TriTrypDB.org/common/downloads/Current_Release/LmajorLV39c5/gff/data/TriTrypDB-28_LmajorLV39c5.gff,28,Leishmania major strain LV39c5,860569,TRUE,TriTrypDB,Keith Hughitt <khughitt@umd.edu>,Genome wide annotations for Leishmania major strain LV39c5,TriTrypDB 28 annotations for Leishmania major strain LV39c5,OrgDb,SQLiteFile,org.Leishmania_major_strain_LV39c5.tritryp.db.sqlite
3.4,TriTrypDB-28_LmajorSD75.1,GFF,http://TriTrypDB.org/common/downloads/Current_Release/LmajorSD75.1/gff/data/TriTrypDB-28_LmajorSD75.1.gff,28,Leishmania major strain SD 75.1,860570,TRUE,TriTrypDB,Keith Hughitt <khughitt@umd.edu>,Genome wide annotations for Leishmania major strain SD 75.1,TriTrypDB 28 annotations for Leishmania major strain SD 75.1,OrgDb,SQLiteFile,org.Leishmania_major_strain_SD_75.1.tritryp.db.sqlite
3.4,TriTrypDB-28_LmexicanaMHOMGT2001U1103,GFF,http://TriTrypDB.org/common/downloads/Current_Release/LmexicanaMHOMGT2001U1103/gff/data/TriTrypDB-28_LmexicanaMHOMGT2001U1103.gff,28,Leishmania mexicana MHOM/GT/2001/U1103,929439,TRUE,TriTrypDB,Keith Hughitt <khughitt@umd.edu>,Genome wide annotations for Leishmania mexicana MHOM/GT/2001/U1103,TriTrypDB 28 annotations for Leishmania mexicana MHOM/GT/2001/U1103,OrgDb,SQLiteFile,org.Leishmania_mexicana_MHOM/GT/2001/U1103.tritryp.db.sqlite
3.4,TriTrypDB-28_LpanamensisMHOMCOL81L13,GFF,http://TriTrypDB.org/common/downloads/Current_Release/LpanamensisMHOMCOL81L13/gff/data/TriTrypDB-28_LpanamensisMHOMCOL81L13.gff,28,Leishmania panamensis MHOM/COL/81/L13,1295824,TRUE,TriTrypDB,Keith Hughitt <khughitt@umd.edu>,Genome wide annotations for Leishmania panamensis MHOM/COL/81/L13,TriTrypDB 28 annotations for Leishmania panamensis MHOM/COL/81/L13,OrgDb,SQLiteFile,org.Leishmania_panamensis_MHOM/COL/81/L13.tritryp.db.sqlite
3.4,TriTrypDB-28_LspMARLEM2494,GFF,http://TriTrypDB.org/common/downloads/Current_Release/LspMARLEM2494/gff/data/TriTrypDB-28_LspMARLEM2494.gff,28,Leishmania sp. MAR LEM2494,1303197,TRUE,TriTrypDB,Keith Hughitt <khughitt@umd.edu>,Genome wide annotations for Leishmania sp. MAR LEM2494,TriTrypDB 28 annotations for Leishmania sp. MAR LEM2494,OrgDb,SQLiteFile,org.Leishmania_sp._MAR_LEM2494.tritryp.db.sqlite
3.4,TriTrypDB-28_LtropicaL590,GFF,http://TriTrypDB.org/common/downloads/Current_Release/LtropicaL590/gff/data/TriTrypDB-28_LtropicaL590.gff,28,Leishmania tropica L590,1206058,TRUE,TriTrypDB,Keith Hughitt <khughitt@umd.edu>,Genome wide annotations for Leishmania tropica L590,TriTrypDB 28 annotations for Leishmania tropica L590,OrgDb,SQLiteFile,org.Leishmania_tropica_L590.tritryp.db.sqlite
3.4,MicrosporidiaDB-28_NbombycisCQ1,GFF,http://MicrosporidiaDB.org/common/downloads/Current_Release/NbombycisCQ1/gff/data/MicrosporidiaDB-28_NbombycisCQ1.gff,28,Nosema bombycis CQ1,578461,TRUE,MicrosporidiaDB,Keith Hughitt <khughitt@umd.edu>,Genome wide annotations for Nosema bombycis CQ1,MicrosporidiaDB 28 annotations for Nosema bombycis CQ1,OrgDb,SQLiteFile,org.Nosema_bombycis_CQ1.microsporidia.db.sqlite
3.4,ToxoDB-28_NcaninumLIV,GFF,http://ToxoDB.org/common/downloads/Current_Release/NcaninumLIV/gff/data/ToxoDB-28_NcaninumLIV.gff,28,Neospora caninum Liverpool,572307,TRUE,ToxoDB,Keith Hughitt <khughitt@umd.edu>,Genome wide annotations for Neospora caninum Liverpool,ToxoDB 28 annotations for Neospora caninum Liverpool,OrgDb,SQLiteFile,org.Neospora_caninum_Liverpool.toxo.db.sqlite
3.4,MicrosporidiaDB-28_NceranaeBRL01,GFF,http://MicrosporidiaDB.org/common/downloads/Current_Release/NceranaeBRL01/gff/data/MicrosporidiaDB-28_NceranaeBRL01.gff,28,Nosema ceranae BRL01,578460,TRUE,MicrosporidiaDB,Keith Hughitt <khughitt@umd.edu>,Genome wide annotations for Nosema ceranae BRL01,MicrosporidiaDB 28 annotations for Nosema ceranae BRL01,OrgDb,SQLiteFile,org.Nosema_ceranae_BRL01.microsporidia.db.sqlite
3.4,MicrosporidiaDB-28_NematocidaSp1ERTm2,GFF,http://MicrosporidiaDB.org/common/downloads/Current_Release/NematocidaSp1ERTm2/gff/data/MicrosporidiaDB-28_NematocidaSp1ERTm2.gff,28,Nematocida sp. 1 ERTm2,944018,TRUE,MicrosporidiaDB,Keith Hughitt <khughitt@umd.edu>,Genome wide annotations for Nematocida sp. 1 ERTm2,MicrosporidiaDB 28 annotations for Nematocida sp. 1 ERTm2,OrgDb,SQLiteFile,org.Nematocida_sp._1_ERTm2.microsporidia.db.sqlite
3.4,MicrosporidiaDB-28_NparisiiERTm1,GFF,http://MicrosporidiaDB.org/common/downloads/Current_Release/NparisiiERTm1/gff/data/MicrosporidiaDB-28_NparisiiERTm1.gff,28,Nematocida parisii ERTm1,881290,TRUE,MicrosporidiaDB,Keith Hughitt <khughitt@umd.edu>,Genome wide annotations for Nematocida parisii ERTm1,MicrosporidiaDB 28 annotations for Nematocida parisii ERTm1,OrgDb,SQLiteFile,org.Nematocida_parisii_ERTm1.microsporidia.db.sqlite
3.4,MicrosporidiaDB-28_NparisiiERTm3,GFF,http://MicrosporidiaDB.org/common/downloads/Current_Release/NparisiiERTm3/gff/data/MicrosporidiaDB-28_NparisiiERTm3.gff,28,Nematocida parisii ERTm3,935791,TRUE,MicrosporidiaDB,Keith Hughitt <khughitt@umd.edu>,Genome wide annotations for Nematocida parisii ERTm3,MicrosporidiaDB 28 annotations for Nematocida parisii ERTm3,OrgDb,SQLiteFile,org.Nematocida_parisii_ERTm3.microsporidia.db.sqlite
3.4,MicrosporidiaDB-28_Nsp1ERTm6,GFF,http://MicrosporidiaDB.org/common/downloads/Current_Release/Nsp1ERTm6/gff/data/MicrosporidiaDB-28_Nsp1ERTm6.gff,28,Nematocida sp. 1 ERTm6,1138374,TRUE,MicrosporidiaDB,Keith Hughitt <khughitt@umd.edu>,Genome wide annotations for Nematocida sp. 1 ERTm6,MicrosporidiaDB 28 annotations for Nematocida sp. 1 ERTm6,OrgDb,SQLiteFile,org.Nematocida_sp._1_ERTm6.microsporidia.db.sqlite
3.4,MicrosporidiaDB-28_OcolligataOC4,GFF,http://MicrosporidiaDB.org/common/downloads/Current_Release/OcolligataOC4/gff/data/MicrosporidiaDB-28_OcolligataOC4.gff,28,Ordospora colligata OC4,1354746,TRUE,MicrosporidiaDB,Keith Hughitt <khughitt@umd.edu>,Genome wide annotations for Ordospora colligata OC4,MicrosporidiaDB 28 annotations for Ordospora colligata OC4,OrgDb,SQLiteFile,org.Ordospora_colligata_OC4.microsporidia.db.sqlite
3.4,PlasmoDB-28_PbergheiANKA,GFF,http://PlasmoDB.org/common/downloads/Current_Release/PbergheiANKA/gff/data/PlasmoDB-28_PbergheiANKA.gff,28,Plasmodium berghei ANKA,5823,TRUE,PlasmoDB,Keith Hughitt <khughitt@umd.edu>,Genome wide annotations for Plasmodium berghei ANKA,PlasmoDB 28 annotations for Plasmodium berghei ANKA,OrgDb,SQLiteFile,org.Plasmodium_berghei_ANKA.plasmo.db.sqlite
3.4,PlasmoDB-28_Pchabaudichabaudi,GFF,http://PlasmoDB.org/common/downloads/Current_Release/Pchabaudichabaudi/gff/data/PlasmoDB-28_Pchabaudichabaudi.gff,28,Plasmodium chabaudi chabaudi,31271,TRUE,PlasmoDB,Keith Hughitt <khughitt@umd.edu>,Genome wide annotations for Plasmodium chabaudi chabaudi,PlasmoDB 28 annotations for Plasmodium chabaudi chabaudi,OrgDb,SQLiteFile,org.Plasmodium_chabaudi_chabaudi.plasmo.db.sqlite
3.4,PlasmoDB-28_PcynomolgiB,GFF,http://PlasmoDB.org/common/downloads/Current_Release/PcynomolgiB/gff/data/PlasmoDB-28_PcynomolgiB.gff,28,Plasmodium cynomolgi strain B,1120755,TRUE,PlasmoDB,Keith Hughitt <khughitt@umd.edu>,Genome wide annotations for Plasmodium cynomolgi strain B,PlasmoDB 28 annotations for Plasmodium cynomolgi strain B,OrgDb,SQLiteFile,org.Plasmodium_cynomolgi_strain_B.plasmo.db.sqlite
3.4,PlasmoDB-28_Pfalciparum3D7,GFF,http://PlasmoDB.org/common/downloads/Current_Release/Pfalciparum3D7/gff/data/PlasmoDB-28_Pfalciparum3D7.gff,28,Plasmodium falciparum 3D7,36329,TRUE,PlasmoDB,Keith Hughitt <khughitt@umd.edu>,Genome wide annotations for Plasmodium falciparum 3D7,PlasmoDB 28 annotations for Plasmodium falciparum 3D7,OrgDb,SQLiteFile,org.Plasmodium_falciparum_3D7.plasmo.db.sqlite
3.4,PlasmoDB-28_PknowlesiH,GFF,http://PlasmoDB.org/common/downloads/Current_Release/PknowlesiH/gff/data/PlasmoDB-28_PknowlesiH.gff,28,Plasmodium knowlesi strain H,5851,TRUE,PlasmoDB,Keith Hughitt <khughitt@umd.edu>,Genome wide annotations for Plasmodium knowlesi strain H,PlasmoDB 28 annotations for Plasmodium knowlesi strain H,OrgDb,SQLiteFile,org.Plasmodium_knowlesi_strain_H.plasmo.db.sqlite
3.4,PlasmoDB-28_PvivaxSal1,GFF,http://PlasmoDB.org/common/downloads/Current_Release/PvivaxSal1/gff/data/PlasmoDB-28_PvivaxSal1.gff,28,Plasmodium vivax Sal-1,126793,TRUE,PlasmoDB,Keith Hughitt <khughitt@umd.edu>,Genome wide annotations for Plasmodium vivax Sal-1,PlasmoDB 28 annotations for Plasmodium vivax Sal-1,OrgDb,SQLiteFile,org.Plasmodium_vivax_Sal-1.plasmo.db.sqlite
3.4,PlasmoDB-28_Pyoeliiyoelii17XNL,GFF,http://PlasmoDB.org/common/downloads/Current_Release/Pyoeliiyoelii17XNL/gff/data/PlasmoDB-28_Pyoeliiyoelii17XNL.gff,28,Plasmodium yoelii yoelii 17XNL,352914,TRUE,PlasmoDB,Keith Hughitt <khughitt@umd.edu>,Genome wide annotations for Plasmodium yoelii yoelii 17XNL,PlasmoDB 28 annotations for Plasmodium yoelii yoelii 17XNL,OrgDb,SQLiteFile,org.Plasmodium_yoelii_yoelii_17XNL.plasmo.db.sqlite
3.4,MicrosporidiaDB-28_Slophii42_110,GFF,http://MicrosporidiaDB.org/common/downloads/Current_Release/Slophii42_110/gff/data/MicrosporidiaDB-28_Slophii42_110.gff,28,Spraguea lophii 42_110,1358809,TRUE,MicrosporidiaDB,Keith Hughitt <khughitt@umd.edu>,Genome wide annotations for Spraguea lophii 42_110,MicrosporidiaDB 28 annotations for Spraguea lophii 42_110,OrgDb,SQLiteFile,org.Spraguea_lophii_42_110.microsporidia.db.sqlite
3.4,PiroplasmaDB-28_TannulataAnkara,GFF,http://PiroplasmaDB.org/common/downloads/Current_Release/TannulataAnkara/gff/data/PiroplasmaDB-28_TannulataAnkara.gff,28,Theileria annulata strain Ankara,353154,TRUE,PiroplasmaDB,Keith Hughitt <khughitt@umd.edu>,Genome wide annotations for Theileria annulata strain Ankara,PiroplasmaDB 28 annotations for Theileria annulata strain Ankara,OrgDb,SQLiteFile,org.Theileria_annulata_strain_Ankara.piroplasma.db.sqlite
3.4,TriTrypDB-28_TbruceiTREU927,GFF,http://TriTrypDB.org/common/downloads/Current_Release/TbruceiTREU927/gff/data/TriTrypDB-28_TbruceiTREU927.gff,28,Trypanosoma brucei TREU927,185431,TRUE,TriTrypDB,Keith Hughitt <khughitt@umd.edu>,Genome wide annotations for Trypanosoma brucei TREU927,TriTrypDB 28 annotations for Trypanosoma brucei TREU927,OrgDb,SQLiteFile,org.Trypanosoma_brucei_TREU927.tritryp.db.sqlite
3.4,TriTrypDB-28_TbruceigambienseDAL972,GFF,http://TriTrypDB.org/common/downloads/Current_Release/TbruceigambienseDAL972/gff/data/TriTrypDB-28_TbruceigambienseDAL972.gff,28,Trypanosoma brucei gambiense DAL972,679716,TRUE,TriTrypDB,Keith Hughitt <khughitt@umd.edu>,Genome wide annotations for Trypanosoma brucei gambiense DAL972,TriTrypDB 28 annotations for Trypanosoma brucei gambiense DAL972,OrgDb,SQLiteFile,org.Trypanosoma_brucei_gambiense_DAL972.tritryp.db.sqlite
3.4,TriTrypDB-28_TcongolenseIL3000,GFF,http://TriTrypDB.org/common/downloads/Current_Release/TcongolenseIL3000/gff/data/TriTrypDB-28_TcongolenseIL3000.gff,28,Trypanosoma congolense IL3000,1068625,TRUE,TriTrypDB,Keith Hughitt <khughitt@umd.edu>,Genome wide annotations for Trypanosoma congolense IL3000,TriTrypDB 28 annotations for Trypanosoma congolense IL3000,OrgDb,SQLiteFile,org.Trypanosoma_congolense_IL3000.tritryp.db.sqlite
3.4,TriTrypDB-28_TcruziCLBrener,GFF,http://TriTrypDB.org/common/downloads/Current_Release/TcruziCLBrener/gff/data/TriTrypDB-28_TcruziCLBrener.gff,28,Trypanosoma cruzi strain CL Brener,353153,TRUE,TriTrypDB,Keith Hughitt <khughitt@umd.edu>,Genome wide annotations for Trypanosoma cruzi strain CL Brener,TriTrypDB 28 annotations for Trypanosoma cruzi strain CL Brener,OrgDb,SQLiteFile,org.Trypanosoma_cruzi_strain_CL_Brener.tritryp.db.sqlite
3.4,TriTrypDB-28_TcruziCLBrenerEsmeraldo-like,GFF,http://TriTrypDB.org/common/downloads/Current_Release/TcruziCLBrenerEsmeraldo-like/gff/data/TriTrypDB-28_TcruziCLBrenerEsmeraldo-like.gff,28,Trypanosoma cruzi CL Brener Esmeraldo-like,353153,TRUE,TriTrypDB,Keith Hughitt <khughitt@umd.edu>,Genome wide annotations for Trypanosoma cruzi CL Brener Esmeraldo-like,TriTrypDB 28 annotations for Trypanosoma cruzi CL Brener Esmeraldo-like,OrgDb,SQLiteFile,org.Trypanosoma_cruzi_CL_Brener_Esmeraldo-like.tritryp.db.sqlite
3.4,TriTrypDB-28_TcruziCLBrenerNon-Esmeraldo-like,GFF,http://TriTrypDB.org/common/downloads/Current_Release/TcruziCLBrenerNon-Esmeraldo-like/gff/data/TriTrypDB-28_TcruziCLBrenerNon-Esmeraldo-like.gff,28,Trypanosoma cruzi CL Brener Non-Esmeraldo-like,353153,TRUE,TriTrypDB,Keith Hughitt <khughitt@umd.edu>,Genome wide annotations for Trypanosoma cruzi CL Brener Non-Esmeraldo-like,TriTrypDB 28 annotations for Trypanosoma cruzi CL Brener Non-Esmeraldo-like,OrgDb,SQLiteFile,org.Trypanosoma_cruzi_CL_Brener_Non-Esmeraldo-like.tritryp.db.sqlite
3.4,TriTrypDB-28_TcruziDm28c,GFF,http://TriTrypDB.org/common/downloads/Current_Release/TcruziDm28c/gff/data/TriTrypDB-28_TcruziDm28c.gff,28,Trypanosoma cruzi Dm28c,1416333,TRUE,TriTrypDB,Keith Hughitt <khughitt@umd.edu>,Genome wide annotations for Trypanosoma cruzi Dm28c,TriTrypDB 28 annotations for Trypanosoma cruzi Dm28c,OrgDb,SQLiteFile,org.Trypanosoma_cruzi_Dm28c.tritryp.db.sqlite
3.4,ToxoDB-28_TgondiiGT1,GFF,http://ToxoDB.org/common/downloads/Current_Release/TgondiiGT1/gff/data/ToxoDB-28_TgondiiGT1.gff,28,Toxoplasma gondii GT1,507601,TRUE,ToxoDB,Keith Hughitt <khughitt@umd.edu>,Genome wide annotations for Toxoplasma gondii GT1,ToxoDB 28 annotations for Toxoplasma gondii GT1,OrgDb,SQLiteFile,org.Toxoplasma_gondii_GT1.toxo.db.sqlite
3.4,ToxoDB-28_TgondiiME49,GFF,http://ToxoDB.org/common/downloads/Current_Release/TgondiiME49/gff/data/ToxoDB-28_TgondiiME49.gff,28,Toxoplasma gondii ME49,508771,TRUE,ToxoDB,Keith Hughitt <khughitt@umd.edu>,Genome wide annotations for Toxoplasma gondii ME49,ToxoDB 28 annotations for Toxoplasma gondii ME49,OrgDb,SQLiteFile,org.Toxoplasma_gondii_ME49.toxo.db.sqlite
3.4,ToxoDB-28_TgondiiRH,GFF,http://ToxoDB.org/common/downloads/Current_Release/TgondiiRH/gff/data/ToxoDB-28_TgondiiRH.gff,28,Toxoplasma gondii RH,383379,TRUE,ToxoDB,Keith Hughitt <khughitt@umd.edu>,Genome wide annotations for Toxoplasma gondii RH,ToxoDB 28 annotations for Toxoplasma gondii RH,OrgDb,SQLiteFile,org.Toxoplasma_gondii_RH.toxo.db.sqlite
3.4,ToxoDB-28_TgondiiVEG,GFF,http://ToxoDB.org/common/downloads/Current_Release/TgondiiVEG/gff/data/ToxoDB-28_TgondiiVEG.gff,28,Toxoplasma gondii VEG,432359,TRUE,ToxoDB,Keith Hughitt <khughitt@umd.edu>,Genome wide annotations for Toxoplasma gondii VEG,ToxoDB 28 annotations for Toxoplasma gondii VEG,OrgDb,SQLiteFile,org.Toxoplasma_gondii_VEG.toxo.db.sqlite
3.4,PiroplasmaDB-28_TorientalisShintoku,GFF,http://PiroplasmaDB.org/common/downloads/Current_Release/TorientalisShintoku/gff/data/PiroplasmaDB-28_TorientalisShintoku.gff,28,Theileria orientalis strain Shintoku,869250,TRUE,PiroplasmaDB,Keith Hughitt <khughitt@umd.edu>,Genome wide annotations for Theileria orientalis strain Shintoku,PiroplasmaDB 28 annotations for Theileria orientalis strain Shintoku,OrgDb,SQLiteFile,org.Theileria_orientalis_strain_Shintoku.piroplasma.db.sqlite
3.4,PiroplasmaDB-28_TparvaMuguga,GFF,http://PiroplasmaDB.org/common/downloads/Current_Release/TparvaMuguga/gff/data/PiroplasmaDB-28_TparvaMuguga.gff,28,Theileria parva strain Muguga,333668,TRUE,PiroplasmaDB,Keith Hughitt <khughitt@umd.edu>,Genome wide annotations for Theileria parva strain Muguga,PiroplasmaDB 28 annotations for Theileria parva strain Muguga,OrgDb,SQLiteFile,org.Theileria_parva_strain_Muguga.piroplasma.db.sqlite
3.4,TriTrypDB-28_TrangeliSC58,GFF,http://TriTrypDB.org/common/downloads/Current_Release/TrangeliSC58/gff/data/TriTrypDB-28_TrangeliSC58.gff,28,Trypanosoma rangeli SC58,429131,TRUE,TriTrypDB,Keith Hughitt <khughitt@umd.edu>,Genome wide annotations for Trypanosoma rangeli SC58,TriTrypDB 28 annotations for Trypanosoma rangeli SC58,OrgDb,SQLiteFile,org.Trypanosoma_rangeli_SC58.tritryp.db.sqlite
3.4,TrichDB-28_TvaginalisG3,GFF,http://TrichDB.org/common/downloads/Current_Release/TvaginalisG3/gff/data/TrichDB-28_TvaginalisG3.gff,28,Trichomonas vaginalis G3,412133,TRUE,TrichDB,Keith Hughitt <khughitt@umd.edu>,Genome wide annotations for Trichomonas vaginalis G3,TrichDB 28 annotations for Trichomonas vaginalis G3,OrgDb,SQLiteFile,org.Trichomonas_vaginalis_G3.trich.db.sqlite
3.4,TriTrypDB-28_TvivaxY486,GFF,http://TriTrypDB.org/common/downloads/Current_Release/TvivaxY486/gff/data/TriTrypDB-28_TvivaxY486.gff,28,Trypanosoma vivax Y486,1055687,TRUE,TriTrypDB,Keith Hughitt <khughitt@umd.edu>,Genome wide annotations for Trypanosoma vivax Y486,TriTrypDB 28 annotations for Trypanosoma vivax Y486,OrgDb,SQLiteFile,org.Trypanosoma_vivax_Y486.tritryp.db.sqlite
3.4,CryptoDB-28_VbrassicaformisCCMP3155,GFF,http://CryptoDB.org/common/downloads/Current_Release/VbrassicaformisCCMP3155/gff/data/CryptoDB-28_VbrassicaformisCCMP3155.gff,28,Vitrella brassicaformis CCMP3155,1169540,TRUE,CryptoDB,Keith Hughitt <khughitt@umd.edu>,Genome wide annotations for Vitrella brassicaformis CCMP3155,CryptoDB 28 annotations for Vitrella brassicaformis CCMP3155,OrgDb,SQLiteFile,org.Vitrella_brassicaformis_CCMP3155.crypto.db.sqlite
3.4,MicrosporidiaDB-28_VcorneaeATCC50505,GFF,http://MicrosporidiaDB.org/common/downloads/Current_Release/VcorneaeATCC50505/gff/data/MicrosporidiaDB-28_VcorneaeATCC50505.gff,28,Vittaforma corneae ATCC 50505,993615,TRUE,MicrosporidiaDB,Keith Hughitt <khughitt@umd.edu>,Genome wide annotations for Vittaforma corneae ATCC 50505,MicrosporidiaDB 28 annotations for Vittaforma corneae ATCC 50505,OrgDb,SQLiteFile,org.Vittaforma_corneae_ATCC_50505.microsporidia.db.sqlite
3.4,MicrosporidiaDB-28_Vculicisfloridensis,GFF,http://MicrosporidiaDB.org/common/downloads/Current_Release/Vculicisfloridensis/gff/data/MicrosporidiaDB-28_Vculicisfloridensis.gff,28,Vavraia culicis floridensis,948595,TRUE,MicrosporidiaDB,Keith Hughitt <khughitt@umd.edu>,Genome wide annotations for Vavraia culicis floridensis,MicrosporidiaDB 28 annotations for Vavraia culicis floridensis,OrgDb,SQLiteFile,org.Vavraia_culicis_floridensis.microsporidia.db.sqlite
